Date,0
2010-04-01,0.00020088096502720893
2010-04-05,0.0011799263977815921
2010-04-06,-6.922785740324497e-05
2010-04-07,0.0013116571072878842
2010-04-08,-0.0007292282666863808
2010-04-09,-0.0004609194148693864
2010-04-12,-0.002555166425348569
2010-04-13,0.003219962966384835
2010-04-14,-0.0065613947990368175
2010-04-15,-0.004131346442691988
2010-04-16,9.529897587395717e-05
2010-04-19,-0.004320778243801476
2010-04-20,-0.00024646044327852044
2010-04-21,0.0011878403710144938
2010-04-22,-0.003810715430628306
2010-04-23,0.0014974846355411144
2010-04-26,0.0030315210182794636
2010-04-27,0.004836600980041791
2010-04-28,-0.0002586091901638783
2010-04-29,0.0013870277394145243
2010-04-30,-0.0038729041320301767
2010-05-03,0.0003384318032592856
2010-05-04,-0.001284197019823942
2010-05-05,0.0013792892021604324
2010-05-06,0.0019180549670667186
2010-05-07,0.0034973985723146853
2010-05-10,0.0035119584815654784
2010-05-11,-0.001925405441009067
2010-05-12,0.0020864008845882273
2010-05-13,0.0023413650539405246
2010-05-14,-0.0002657573439345635
2010-05-17,-0.0012705119157068237
2010-05-18,-0.0009176578349520301
2010-05-19,0.00038961841659390976
2010-05-20,0.001364762911932109
2010-05-21,0.0013611369669740366
2010-05-24,0.002228506706181367
2010-05-25,-0.0004931746990829902
2010-05-26,0.004054164322538325
2010-05-27,-0.0008958499171522302
2010-05-28,-0.0011062058454470967
2010-06-01,-3.3131983804144966e-05
2010-06-02,0.001183628968581102
2010-06-03,-0.0026432421808307866
2010-06-04,-0.00182357574362008
2010-06-07,0.0021076941216634617
2010-06-08,0.0007569407481312169
2010-06-09,0.00023727413151668425
2010-06-10,-0.0009810202831329598
2010-06-11,-0.00014130541804259836
2010-06-14,0.0008939792609421007
2010-06-15,-0.00019362046748067855
2010-06-16,0.0015426942643820371
2010-06-17,-0.0029748544273801632
2010-06-18,0.003936252001983171
2010-06-21,0.0019261665031365348
2010-06-22,0.0015126381319260258
2010-06-23,0.0010839803616988367
2010-06-24,-0.0019145021845868864
2010-06-25,0.00020576860273546272
2010-06-28,0.0009818566798132488
2010-06-29,0.001014475176656416
2010-06-30,-2.411495443397499e-05
2010-07-01,0.0029389344871889778
2010-07-02,-0.0016259767753320224
2010-07-06,-0.0016508636396514946
2010-07-07,-0.0007998994113923852
2010-07-08,-0.0036541376746114396
2010-07-09,0.0005233527349633926
2010-07-12,0.002889866490204186
2010-07-13,0.0004284238878664089
2010-07-14,-0.00133119975740841
2010-07-15,-0.0019294259055023751
2010-07-16,0.0004716949630895421
2010-07-19,-0.00023229021047796341
2010-07-20,0.0006359960642887978
2010-07-21,0.001394377977324992
2010-07-22,-0.003864859583186747
2010-07-23,0.0029440026350420747
2010-07-26,-0.0004578105388888729
2010-07-27,-0.00219568444690804
2010-07-28,-0.0011895463017608725
2010-07-29,-0.0032825247394756766
2010-07-30,0.0021028670162361075
2010-08-02,-0.002366889240871587
2010-08-03,-0.0055169579886978504
2010-08-04,-0.0055043040758395445
2010-08-05,-0.0012338020220449132
2010-08-06,0.00023626233895501856
2010-08-09,-3.2700984087200816e-05
2010-08-10,-0.002537515279589732
2010-08-11,-0.0002695642028579643
2010-08-12,0.0032159439590356688
2010-08-13,-0.002022373788041736
2010-08-16,-0.0006703739102190404
2010-08-17,-0.0019293876530825278
2010-08-18,0.003526714446557624
2010-08-19,-0.0006506062543146483
2010-08-20,0.0067861715439272285
2010-08-23,-0.002721566010086508
2010-08-24,-0.0016497598906297143
2010-08-25,-0.000998101695892963
2010-08-26,0.0003852912776943666
2010-08-27,-4.180542585765774e-05
2010-08-30,0.0007472764842783238
2010-08-31,-0.0026157828141255756
2010-09-01,-0.0032800883491853885
2010-09-02,-0.003957411821445862
2010-09-03,0.0007972518017331196
2010-09-07,-0.0015462843164286597
2010-09-08,-0.00022547725961562714
2010-09-09,-0.0008084160968994045
2010-09-10,0.002416764260470413
2010-09-13,0.00202187893696626
2010-09-14,-0.0035607088009852626
2010-09-15,-0.0017036470041956386
2010-09-16,0.0001489176997828826
2010-09-17,0.0032367922436665705
2010-09-20,-0.0033431890366475096
2010-09-21,0.001451240997375287
2010-09-22,0.0044530950381387055
2010-09-23,-0.0019691985727475604
2010-09-24,-0.0005139623494809327
2010-09-27,-0.0010146191313854572
2010-09-28,-0.00028034226828296013
2010-09-29,0.001790197349021823
2010-09-30,0.0017036876452850426
2010-10-01,0.0014125209251391688
2010-10-04,0.002896020858066623
2010-10-05,-0.0012370969169905035
2010-10-06,0.013358753761823832
2010-10-07,-0.008119826531237846
2010-10-08,0.004402577115181341
2010-10-11,-0.00046092208541294766
2010-10-12,0.0003262470111751953
2010-10-13,0.003149186959678551
2010-10-14,0.0016744805598154903
2010-10-15,-0.0032158826236628507
2010-10-18,-0.0004844833830729108
2010-10-19,0.00314487694584704
2010-10-20,0.000442599117498535
2010-10-21,-0.0009293012447944698
2010-10-22,-0.00016470658447609678
2010-10-25,0.000348299422309578
2010-10-26,-0.0003905693643520096
2010-10-27,-0.0024930486138246342
2010-10-28,0.002601770557759814
2010-10-29,0.002134448421699078
2010-11-01,-0.000999415465803742
2010-11-02,0.00020546901274560558
2010-11-03,0.0036579335173879926
2010-11-04,0.0018518314747488231
2010-11-05,-6.803807291914411e-06
2010-11-08,0.0012414279058973192
2010-11-09,-0.000491565707114696
2010-11-10,0.003368485554387249
2010-11-11,0.0006603386741205973
2010-11-12,-0.003437969036049332
2010-11-15,-0.0029414575867650027
2010-11-16,0.0026901901861576256
2010-11-17,-0.0016209054661446827
2010-11-18,0.001722573200493638
2010-11-19,0.0006324424384563815
2010-11-22,0.003133149055975319
2010-11-23,-0.0018638771698761753
2010-11-24,0.001790426767209619
2010-11-26,0.0006118829675513622
2010-11-29,3.511615451403559e-05
2010-11-30,-0.003539902299521231
2010-12-01,-0.005690062066472715
2010-12-02,-0.00018445306764200517
2010-12-03,0.001045314926027757
2010-12-06,0.0008422761710449715
2010-12-07,0.0030567764456085967
2010-12-08,0.0009763828561542781
2010-12-09,0.003554248959456388
2010-12-10,-0.00023696724992167497
2010-12-13,-0.00177264814577042
2010-12-14,0.001972741332549568
2010-12-15,-0.0011994558275685747
2010-12-16,-0.0017750962687076107
2010-12-17,0.0044373202545922915
2010-12-20,0.0023380522854370535
2010-12-21,-8.598899204610429e-05
2010-12-22,0.0002517789033764039
2010-12-23,-0.0013120612945294124
2010-12-27,0.00038377971727995386
2010-12-28,-0.0005504621343036112
2010-12-29,0.002939296824940857
2010-12-30,0.0001539541247930725
2010-12-31,-0.001042100847119423
2011-01-03,0.0004344726402184388
2011-01-04,-0.003907903719247278
2011-01-05,-0.0009229471629127765
2011-01-06,0.0005903844174832557
2011-01-07,-0.0004077214088754193
2011-01-10,-0.0017532816549092364
2011-01-11,-0.0009612452363225155
2011-01-12,0.0006244846391302945
2011-01-13,0.000922285222575583
2011-01-14,-0.0005895053550685522
2011-01-18,0.0017731891192035042
2011-01-19,0.00036975008698196597
2011-01-20,-0.0008228123330556332
2011-01-21,-0.0007558691379690711
2011-01-24,-0.000668658959207632
2011-01-25,-0.0013647991462797334
2011-01-26,-0.0004366610453140514
2011-01-27,-0.0038606617384680055
2011-01-28,-0.0006823841723060822
2011-01-31,-0.0014840503142172757
2011-02-01,-0.0006644876439890245
2011-02-02,-0.002987928678354129
2011-02-03,-0.0023139376513167447
2011-02-04,0.0010128587557357467
2011-02-07,-0.002816156732441457
2011-02-08,0.003062642393183683
2011-02-09,0.0010602049629039596
2011-02-10,0.0025393018049473938
2011-02-11,0.0013375067953552051
2011-02-14,0.0011875849966933249
2011-02-15,0.0019102532912638782
2011-02-16,-0.0010609231252147527
2011-02-17,0.0029304936609409376
2011-02-18,-0.0015119121301336758
2011-02-22,0.0018915439651867546
2011-02-23,0.0007882669248566846
2011-02-24,-0.0026274612570297826
2011-02-25,0.0006596528211208609
2011-02-28,-0.0021672675038189315
2011-03-01,0.0051327531070655885
2011-03-02,-0.0026690744505918195
2011-03-03,-0.003629894156083987
2011-03-04,0.0006619342259057481
2011-03-07,-0.0008825203419941667
2011-03-08,-0.0006834715238854553
2011-03-09,-0.0016995868224973958
2011-03-10,-0.006879186898333123
2011-03-11,0.002393490202161846
2011-03-14,0.00272586329023902
2011-03-15,0.00238539521173157
2011-03-16,0.003090953061455963
2011-03-17,2.0237489589533834e-05
2011-03-18,0.004264464116736556
2011-03-21,-0.00496157913662793
2011-03-22,0.0024916586282729943
2011-03-23,-0.004553494063654167
2011-03-24,0.0016547134956166512
2011-03-25,0.0004156787945806252
2011-03-28,0.00047328739003028386
2011-03-29,-0.0015229789809757751
2011-03-30,0.0019479472884442006
2011-03-31,0.0011586474600034343
2011-04-01,-3.7842536182706695e-05
2011-04-04,-0.0012637130332031113
2011-04-05,0.00046297588942310046
2011-04-06,0.001589371738758522
2011-04-07,0.0007840440583201136
2011-04-08,-0.0017670060131666796
2011-04-11,0.001624737217834211
2011-04-12,-0.0005102105947933609
2011-04-13,0.0010610919818263168
2011-04-14,-0.0005767895880731111
2011-04-15,0.0003398102359434554
2011-04-18,0.0003097438191412746
2011-04-19,-0.0018070550476663601
2011-04-20,-0.0006340621585219738
2011-04-21,0.0031052344529054416
2011-04-25,0.0011163026453326922
2011-04-26,-0.00037531850176309714
2011-04-27,-1.5849993234623634e-05
2011-04-28,-0.0006546762448808644
2011-04-29,0.0010242597162690547
2011-05-02,-0.0012822649258449202
2011-05-03,-0.00021923799271997204
2011-05-04,0.0005190040908549574
2011-05-05,-0.0016455297907178256
2011-05-06,-0.0017183188824825403
2011-05-09,-0.0004484637352683454
2011-05-10,0.0008520444763910191
2011-05-11,-0.0022577496793909756
2011-05-12,-3.2608591250889336e-06
2011-05-13,-0.0002367342302019513
2011-05-16,-0.0011148038076241827
2011-05-17,0.0014573160586999025
2011-05-18,0.002096001107865168
2011-05-19,-0.0003680230785285515
2011-05-20,-0.004879317071651469
2011-05-23,-0.0005614291954383979
2011-05-24,-0.001623116684800125
2011-05-25,6.032984706755913e-07
2011-05-26,-0.00039260510857074677
2011-05-27,-0.00031022155900464364
2011-05-31,2.1713801019160534e-05
2011-06-01,0.00010679840898777677
2011-06-02,-0.0021752755471718408
2011-06-03,0.003711730981266258
2011-06-06,2.08634969476886e-05
2011-06-07,-7.363598289642826e-05
2011-06-08,-0.0005374867268059815
2011-06-09,0.0008730257318245053
2011-06-10,-0.0005589043683565087
2011-06-13,-0.001893481827075794
2011-06-14,0.0007747119981199935
2011-06-15,0.0010425528250354575
2011-06-16,0.0004595392351341914
2011-06-17,-0.000656844632266374
2011-06-20,0.000434813450213791
2011-06-21,0.005866258213365293
2011-06-22,-0.00100870281483778
2011-06-23,0.005702234369946115
2011-06-24,-0.004944015392240408
2011-06-27,-0.0007593027851496297
2011-06-28,-0.00198886969899066
2011-06-29,-0.0017800380113888175
2011-06-30,0.0038894836696865558
2011-07-01,-0.0005992520161730186
2011-07-05,-0.0017931226199104885
2011-07-06,0.002065660813629256
2011-07-07,0.0031804767176911693
2011-07-08,0.0009719503432709281
2011-07-11,-0.0016092463131266548
2011-07-12,-0.0023215343346751384
2011-07-13,-0.0003562369457545138
2011-07-14,-0.0005207927068105016
2011-07-15,-0.005706252389541768
2011-07-18,-0.0013244706689583522
2011-07-19,-0.002454544130140706
2011-07-20,0.0022723998969773275
2011-07-21,0.0004420365930027392
2011-07-22,-0.0007079145037402492
2011-07-25,-0.0010941293546515747
2011-07-26,-1.873573717313566e-05
2011-07-27,-0.002452636099140071
2011-07-28,0.005166721533191237
2011-07-29,0.002488258120172194
2011-08-01,-0.0006573899010453463
2011-08-02,-0.0004628470243104358
2011-08-03,0.001472884565176589
2011-08-04,0.0013329800857748574
2011-08-05,0.0009028643116715893
2011-08-08,-0.0011676643715573878
2011-08-09,-0.00010849667665009752
2011-08-10,-0.00021419746105166403
2011-08-11,-0.0010619762383755303
2011-08-12,0.005767609715215133
2011-08-15,0.0006061236067866332
2011-08-16,-0.003497438932461572
2011-08-17,-0.00274901959735503
2011-08-18,-0.007028793460215422
2011-08-19,-0.005420175498133621
2011-08-22,-0.0018493070975478113
2011-08-23,0.002330348742920582
2011-08-24,-0.0021863730959136973
2011-08-25,0.0031382292348352226
2011-08-26,0.001697482733820916
2011-08-29,0.007379331942502634
2011-08-30,-0.0005257972008738394
2011-08-31,0.00021436398946667176
2011-09-01,-0.001532360124569576
2011-09-02,-0.004010486419348872
2011-09-06,-0.005026557657777528
2011-09-07,0.004869252980143691
2011-09-08,-0.0042219491640881285
2011-09-09,0.0018788856400518217
2011-09-12,0.00043675375537610765
2011-09-13,0.0021737203050733256
2011-09-14,0.0014277751867347247
2011-09-15,0.0021870034761678776
2011-09-16,0.0028045499301393327
2011-09-19,-0.0011272146029938296
2011-09-20,-0.005967931189860047
2011-09-21,0.005377626419614293
2011-09-22,-0.0008819740744741632
2011-09-23,0.0045523593937107825
2011-09-26,0.002487525761674326
2011-09-27,-0.0002585879572516983
2011-09-28,0.0013077988991917332
2011-09-29,0.002315257782267192
2011-09-30,-0.003858139012522006
2011-10-03,-0.004231786990968188
2011-10-04,0.0052615303303961795
2011-10-05,0.005215967093496235
2011-10-06,0.0009365936374046613
2011-10-07,-0.007788158705153399
2011-10-10,0.0028230853064233094
2011-10-11,0.003089669280771992
2011-10-12,0.0017329223163425602
2011-10-13,-0.0005405143713537007
2011-10-14,0.0003517450311143488
2011-10-17,0.0002702041985413621
2011-10-18,0.004345526180866364
2011-10-19,-0.0018843624153389792
2011-10-20,0.00081810495689033
2011-10-21,-0.001998931418623244
2011-10-24,0.0011843384051968362
2011-10-25,-0.0005634841305128134
2011-10-26,0.0014597554805062902
2011-10-27,0.00752736233682173
2011-10-28,0.0032454744325358027
2011-10-31,0.004628177888269497
2011-11-01,0.004095738463936886
2011-11-02,-0.003365068868076344
2011-11-03,0.002241215085398205
2011-11-04,0.004197975107813508
2011-11-07,0.00440810428286845
2011-11-08,0.0011575456501586724
2011-11-09,0.0017580364341264509
2011-11-10,0.003220490955878564
2011-11-11,0.0011419089498281622
2011-11-14,-0.0018870983918735382
2011-11-15,0.005668164615236805
2011-11-16,-0.0032001859533140565
2011-11-17,-0.001993537095335597
2011-11-18,-0.0018760705829953023
2011-11-21,0.0017049182469835757
2011-11-22,0.002643766959768512
2011-11-23,0.00023239095534445704
2011-11-25,-0.0023628863688245068
2011-11-28,0.004771854742218558
2011-11-29,-0.003310631214415434
2011-11-30,0.00574430714177732
2011-12-01,0.002333043133858047
2011-12-02,-1.8506247940290046e-05
2011-12-05,0.002067220288780736
2011-12-06,-0.0011660853148627933
2011-12-07,0.0004721391471893975
2011-12-08,-0.000958435429613569
2011-12-09,-0.0014896829124283026
2011-12-12,-0.0007601822870750168
2011-12-13,-0.0031137379533117643
2011-12-14,-0.0005635796300747137
2011-12-15,-0.0003105841374028632
2011-12-16,-0.000814644047796416
2011-12-19,-0.0021826572841210437
2011-12-20,-0.0016699883347402844
2011-12-21,-0.013512897571125533
2011-12-22,0.0025926136122744843
2011-12-23,-0.0012068081842534191
2011-12-27,-0.0010550726105574824
2011-12-28,-0.00044549768320560526
2011-12-29,-0.0014948009363669281
2011-12-30,0.0011987835887138703
2012-01-03,0.010160086218463994
2012-01-04,0.0007035740826749705
2012-01-05,7.82292931517265e-05
2012-01-06,-0.001334932999847227
2012-01-09,0.0009833638930498896
2012-01-10,0.0036268805019955817
2012-01-11,-0.0015763469936276022
2012-01-12,-0.0022422791401125364
2012-01-13,-0.00017416857566088782
2012-01-17,-0.0009374907269706794
2012-01-18,-0.0014801561053287978
2012-01-19,0.002292926864074129
2012-01-20,-0.0005582173134581159
2012-01-23,0.0020847505792494564
2012-01-24,0.002687046256641971
2012-01-25,-0.00038467095239541615
2012-01-26,0.002888508047320321
2012-01-27,-0.002928816403602461
2012-01-30,0.0013143015877596892
2012-01-31,-0.003405825497783557
2012-02-01,-0.0020815919624468894
2012-02-02,0.0013725150494173766
2012-02-03,-0.0020597794463686745
2012-02-06,0.002578431689019024
2012-02-07,0.001327463000104832
2012-02-08,-0.003603711444145068
2012-02-09,-0.0019863805997671256
2012-02-10,0.0007828195343481919
2012-02-13,0.00017772489189273293
2012-02-14,0.0005602713590302651
2012-02-15,0.0008219224027564761
2012-02-16,-0.004797638535760812
2012-02-17,0.0035096141780832564
2012-02-21,-0.00013262181509737878
2012-02-22,-0.0021972748852232306
2012-02-23,-0.0013277238957774419
2012-02-24,-0.004184987247050165
2012-02-27,0.002566711332071135
2012-02-28,-0.0020674118561668175
2012-02-29,0.0018462550022764349
2012-03-01,-0.0007539283708176078
2012-03-02,0.0007424893826573473
2012-03-05,-0.00035983927725851956
2012-03-06,0.0010556633811417853
2012-03-07,0.0008621693076147189
2012-03-08,-0.004271947103049695
2012-03-09,-0.001969861345835359
2012-03-12,-0.0024079469427383243
2012-03-13,-0.002109005527701617
2012-03-14,0.0009125489419475466
2012-03-15,0.0011947600086200415
2012-03-16,4.82570943736176e-05
2012-03-19,-0.0023303680305003637
2012-03-20,-0.0008268221934122813
2012-03-21,-0.0018643739710204263
2012-03-22,-0.0014664793198062233
2012-03-23,-0.0004661710563671785
2012-03-26,0.0007119947176648382
2012-03-27,0.0008765577081781366
2012-03-28,-0.004589788684452057
2012-03-29,0.0026781837058513433
2012-03-30,0.0021877986845975682
2012-04-02,-0.0020799040785119682
2012-04-03,-0.0012454465706317754
2012-04-04,0.0001741539964894719
2012-04-05,0.0007116532517214803
2012-04-09,0.0006749181893343668
2012-04-10,-0.001409603096813828
2012-04-11,-0.0020449377911852208
2012-04-12,0.0010345617569006821
2012-04-13,0.0012427891397372962
2012-04-16,-0.0007175881824662248
2012-04-17,0.0019419378637862222
2012-04-18,-0.002101976472110083
2012-04-19,-0.0024004775761868316
2012-04-20,0.0005389427887698005
2012-04-23,-0.0013396732055358817
2012-04-24,-7.515058456765146e-05
2012-04-25,0.0015614051817524704
2012-04-26,0.002796254939801149
2012-04-27,0.0005484930134912664
2012-04-30,0.0014311102073611137
2012-05-01,-0.000995260321838338
2012-05-02,-0.0001689628808519667
2012-05-03,-0.0001397577534602906
2012-05-04,-0.00035815890591189554
2012-05-07,0.0005543726308785612
2012-05-08,-0.0017264478201406883
2012-05-09,0.0018807209884508433
2012-05-10,-0.004324524189122391
2012-05-11,-0.00496086786380238
2012-05-14,-0.0007596223303706034
2012-05-15,-0.0005638556393930238
2012-05-16,0.00058490571031196
2012-05-17,0.00035403556611789783
2012-05-18,0.005433759387066342
2012-05-21,-0.006966742245859611
2012-05-22,0.0030054276092623196
2012-05-23,0.0001401814883319162
2012-05-24,-0.0020955315997425094
2012-05-25,0.0008318221041519311
2012-05-29,0.0012146323956461144
2012-05-30,-0.00014410761809915902
2012-05-31,-0.0008354076074318529
2012-06-01,-0.002905131224732894
2012-06-04,-0.0008328412220546282
2012-06-05,0.0022841133190625675
2012-06-06,0.003671960606314511
2012-06-07,0.0014487515523231528
2012-06-08,0.0015934696780742826
2012-06-11,-0.0018981390258581846
2012-06-12,0.0005069402201033537
2012-06-13,-0.0014741572727427024
2012-06-14,0.0021755907886057864
2012-06-15,0.0004294217089177764
2012-06-18,-0.0007745262156061555
2012-06-19,0.002571874971907008
2012-06-20,0.002714153877553682
2012-06-21,0.0035831695726297134
2012-06-22,-0.0010465972836516187
2012-06-25,0.001094349034940451
2012-06-26,0.0011564599264533668
2012-06-27,0.0012896175373348453
2012-06-28,0.0015042394844132648
2012-06-29,-0.007179324478857465
2012-07-02,0.0032495786050507265
2012-07-03,0.0024025464289551164
2012-07-05,0.006510181153693907
2012-07-06,0.002006640609773891
2012-07-09,0.003688934136036882
2012-07-10,0.00026791426222166903
2012-07-11,-0.0034491031016596115
2012-07-12,-0.0019154172997099873
2012-07-13,-0.0009582908317469258
2012-07-16,-0.00020814649066137482
2012-07-17,-0.0010504491964906095
2012-07-18,0.006685856572411093
2012-07-19,0.0022506649153389586
2012-07-20,0.005280169341755496
2012-07-23,0.0009993643181511283
2012-07-24,-0.0010882801579281006
2012-07-25,6.315797203004878e-05
2012-07-26,0.00484589168710509
2012-07-27,-0.0037406010231064565
2012-07-30,0.0019251944045615352
2012-07-31,-0.0026188602766266597
2012-08-01,-0.0021511678921179367
2012-08-02,0.002011854089840321
2012-08-03,-0.0014617718182965249
2012-08-06,0.0006910229738333827
2012-08-07,0.0013196104223289326
2012-08-08,0.0028854170424274074
2012-08-09,-0.001464354955696645
2012-08-10,-0.0004912027378627365
2012-08-13,-0.0004469262584487628
2012-08-14,0.0005756114792647429
2012-08-15,0.0028073906840200336
2012-08-16,0.0023074949511770622
2012-08-17,-0.00020902068117515152
2012-08-20,0.0019036474047968966
2012-08-21,-0.0013620542235031627
2012-08-22,-0.00024765051879785947
2012-08-23,-0.002896860181675716
2012-08-24,0.002819840339328218
2012-08-27,0.00034288934700752696
2012-08-28,-0.001377506792316083
2012-08-29,-0.0006757296795598288
2012-08-30,-0.0004471000397717465
2012-08-31,-0.0018147266562849908
2012-09-04,-0.0021153659788616767
2012-09-05,-0.0011674272125798348
2012-09-06,-0.001353438085906303
2012-09-07,-0.001974731753159795
2012-09-10,-0.00041548911568657133
2012-09-11,0.00020973733315919206
2012-09-12,-0.0020716940915809657
2012-09-13,-0.0021217164890448446
2012-09-14,-0.0009519193833215268
2012-09-17,0.0010741457516531203
2012-09-18,-0.0003040774260393253
2012-09-19,-0.0018623747858290962
2012-09-20,0.0039257049249190774
2012-09-21,0.0005850725747576094
2012-09-24,0.0011416133030404574
2012-09-25,-0.001675818399394588
2012-09-26,0.0006866733550859547
2012-09-27,-0.0027631416921605374
2012-09-28,-0.0008412461309632614
2012-10-01,-0.00010016591349316809
2012-10-02,-0.0010246661194154147
2012-10-03,-0.0033265525114079203
2012-10-04,-0.0003832386491636336
2012-10-05,-0.0018952308057743955
2012-10-08,0.0010545745125960398
2012-10-09,0.001492409673638597
2012-10-10,0.0024531573841541374
2012-10-11,-0.0032135459796010504
2012-10-12,-0.0003987225362079137
2012-10-15,-0.003958584953376303
2012-10-16,0.0010793241674946787
2012-10-17,0.0007165007777162459
2012-10-18,-0.0030484258326806696
2012-10-19,-0.002403594452322587
2012-10-22,-0.00018378292639965378
2012-10-23,0.0008039452683316494
2012-10-24,-0.0036327647425307983
2012-10-25,0.0010133689460671115
2012-10-26,0.0025470859000454632
2012-10-31,-0.002188634397216232
2012-11-01,-0.002882449864726038
2012-11-02,-0.002540789962461533
2012-11-05,0.0004582777366258419
2012-11-06,0.0013154111002623755
2012-11-07,0.00031357214091399176
2012-11-08,-0.004210469414671049
2012-11-09,-0.0008902142252692874
2012-11-12,0.0001984798305271786
2012-11-13,0.0011274315870662033
2012-11-14,0.0009690227265272009
2012-11-15,0.00032428995154220415
2012-11-16,0.0010026037978999648
2012-11-19,0.0013899648470966084
2012-11-20,-0.0002938188412801624
2012-11-21,0.002692764301217259
2012-11-23,-0.0010725468947338699
2012-11-26,-0.000954130919652561
2012-11-27,-0.001424259355853053
2012-11-28,-0.0004409082266252839
2012-11-29,0.0005924055129222056
2012-11-30,0.0005707366622282922
2012-12-03,-0.001114264993660458
2012-12-04,0.0023411292718346554
2012-12-05,-0.0028005662974141367
2012-12-06,0.0010067570506948694
2012-12-07,0.001105213705488865
2012-12-10,0.0016252984157494018
2012-12-11,0.0015900753287468967
2012-12-12,0.0010514182906781267
2012-12-13,-0.00021144751127533665
2012-12-14,0.00079022484143039
2012-12-17,0.000391487429329408
2012-12-18,-0.002610715988312296
2012-12-19,-0.004344698668265244
2012-12-20,-0.0016902003193958203
2012-12-21,-0.0011523797219377824
2012-12-24,-0.0004343532277517757
2012-12-26,0.000465367838573952
2012-12-27,0.0002502423238075142
2012-12-28,0.0006431593765463541
2012-12-31,-0.0030239806326654638
2013-01-02,-0.005544054077564999
2013-01-03,0.0008947982121959969
2013-01-04,-0.0033581583441014517
2013-01-07,-0.00033435314638347014
2013-01-08,0.0012998380507699165
2013-01-09,0.001573613498696149
2013-01-10,-5.695825136389039e-05
2013-01-11,0.000143332438893237
2013-01-14,0.0008557059321410243
2013-01-15,0.0014585503481859704
2013-01-16,0.0020643618014388136
2013-01-17,0.0010579633659378812
2013-01-18,-0.002262017005968826
2013-01-22,0.0016841469481947416
2013-01-23,-0.0014441157283637126
2013-01-24,-3.830315430054278e-05
2013-01-25,0.00174815179366454
2013-01-28,-0.0010622674764830386
2013-01-29,-0.0016826132804985705
2013-01-30,-0.0006933826116469169
2013-01-31,0.0017493073728471259
2013-02-01,-0.0020854602409203686
2013-02-04,0.0012150774468105909
2013-02-05,-4.032255171203855e-05
2013-02-06,-0.0010717236042646484
2013-02-07,-0.0005049408489978741
2013-02-08,0.00016961266617326008
2013-02-11,0.001188703755647925
2013-02-12,-0.0022462421432154264
2013-02-13,-0.0004696783508015372
2013-02-14,0.000224515608225595
2013-02-15,0.001846233845646686
2013-02-19,0.0019311535558159524
2013-02-20,0.001011895972930384
2013-02-21,-0.0009358339093221855
2013-02-22,-0.0014796697567930762
2013-02-25,0.00031666088491191845
2013-02-26,-0.002041447720404042
2013-02-27,0.0015103996688697367
2013-02-28,0.0007079251784584171
2013-03-01,0.0012481604763220568
2013-03-04,-0.0017379444699720879
2013-03-05,0.0011246500634042773
2013-03-06,0.0038587060701493195
2013-03-07,0.0007261655453032344
2013-03-08,-2.09839860401867e-05
2013-03-11,0.001941937151581949
2013-03-12,-0.003988795216631992
2013-03-13,0.00327467508404306
2013-03-14,0.0031948342819750593
2013-03-15,0.0009590692511294291
2013-03-18,-0.0013196615867984692
2013-03-19,-0.00025844099222601443
2013-03-20,0.0017301283272366848
2013-03-21,0.0006802634348636722
2013-03-22,0.005655606153073919
2013-03-25,0.001325924253807214
2013-03-26,0.002415087066266421
2013-03-27,0.0033817231879542968
2013-03-28,-0.002712280476552263
2013-04-01,-0.0010023490422389628
2013-04-02,-0.0038925755886912543
2013-04-03,-0.002022121404934392
2013-04-04,-1.7146033383727533e-05
2013-04-05,0.001428437505666534
2013-04-08,0.0006135625237954109
2013-04-09,-0.0007585947445413897
2013-04-10,-1.4531243738119504e-05
2013-04-11,-0.000885877469268394
2013-04-12,-2.8134730142123816e-06
2013-04-15,0.0013906794252801125
2013-04-16,-0.004083756295795599
2013-04-17,-0.0005344777509952009
2013-04-18,0.0026049951566138306
2013-04-19,0.0050352003211612244
2013-04-22,-0.001124019523267115
2013-04-23,-0.00019313846800212559
2013-04-24,-0.00029879646388023294
2013-04-25,-0.002805716751632545
2013-04-26,-0.0012965524409915294
2013-04-29,-0.0011987186025183658
2013-04-30,-0.002121749406623785
2013-05-01,0.0003923527171866757
2013-05-02,0.0026870369866040696
2013-05-03,0.0017612139432218788
2013-05-06,0.0029421912275983276
2013-05-07,-0.004169350215914135
2013-05-08,-0.001056189262418418
2013-05-09,0.0010848812008079581
2013-05-10,0.0020691413451419697
2013-05-13,0.0012380311017157067
2013-05-14,0.0030950173589699044
2013-05-15,0.001242578054953597
2013-05-16,0.004673502975784493
2013-05-17,0.003241374239784164
2013-05-20,-0.0005510110811845093
2013-05-21,7.025754592792689e-05
2013-05-22,0.002932687251338683
2013-05-23,0.0021246552400820567
2013-05-24,-0.0017245104342345362
2013-05-28,-0.0021501584189382653
2013-05-29,0.0030071091571687845
2013-05-30,-0.0007227185527638855
2013-05-31,7.745733319409922e-05
2013-06-03,-0.0002139190537464445
2013-06-04,0.002627769292017596
2013-06-05,-0.0013123142178627237
2013-06-06,-0.0007171605933671685
2013-06-07,-0.0006476761720955689
2013-06-10,-0.0026718716781444496
2013-06-11,-0.00046751057816813053
2013-06-12,-0.0018397517045439225
2013-06-13,0.0005179759465979557
2013-06-14,-0.0007036868023948708
2013-06-17,0.00032319335233821714
2013-06-18,0.000746029527544669
2013-06-19,-0.0029276719980267907
2013-06-20,-0.005147005389963518
2013-06-21,-0.0018855997846912594
2013-06-24,0.0018019908218749603
2013-06-25,0.0011109651213453901
2013-06-26,0.000751980693865313
2013-06-27,0.0035657817975738876
2013-06-28,-0.0008113439256292457
2013-07-01,-0.0052050575315475585
2013-07-02,0.0027187748890264737
2013-07-03,-0.00011122086272342491
2013-07-05,-0.0030326673638886048
2013-07-08,-0.003737937645514087
2013-07-09,-0.0006068406065342672
2013-07-10,0.0024558794486136105
2013-07-11,0.003684561260094446
2013-07-12,-0.003339570815483797
2013-07-15,0.0023780697530604
2013-07-16,0.0003972083950165476
2013-07-17,-0.001994714866384758
2013-07-18,-0.0030186860112500977
2013-07-19,-0.007164043891408246
2013-07-22,-0.0005270932813754306
2013-07-23,-0.000779487450994774
2013-07-24,0.0038957611548072583
2013-07-25,-0.0011308471902752263
2013-07-26,-0.0016350048913706759
2013-07-29,-0.0005328218237582646
2013-07-30,0.0003231891343336851
2013-07-31,-0.0012866151154011457
2013-08-01,0.001883875636160323
2013-08-02,-6.283661606597382e-05
2013-08-05,0.0008068185932660085
2013-08-06,0.0012508206537565408
2013-08-07,-0.0034682788663554635
2013-08-08,0.0026419823433523463
2013-08-09,-4.0758464244569496e-05
2013-08-12,-5.666917551727359e-05
2013-08-13,-0.003910088075781706
2013-08-14,0.003777410504452576
2013-08-15,-0.00021344749402633229
2013-08-16,-0.00010855908355085161
2013-08-19,0.00045301360216302896
2013-08-20,-0.0003489675321567171
2013-08-21,-0.0005640609922063614
2013-08-22,8.036677856783537e-05
2013-08-23,-0.0011114311060288298
2013-08-26,-0.0033469322921436282
2013-08-27,0.0006637985142133609
2013-08-28,0.00042967391027416517
2013-08-29,0.00031289045247501733
2013-08-30,-0.004442384547610468
2013-09-03,-0.0021985926773511926
2013-09-04,0.003366707702181933
2013-09-05,-0.00020353302447004398
2013-09-06,-0.0014361295450953985
2013-09-09,-0.003704609408685313
2013-09-10,0.0008155937143623383
2013-09-11,-0.0015417010194969986
2013-09-12,0.0013751164105557244
2013-09-13,-0.0019494921754498516
2013-09-16,-0.0025224747215164905
2013-09-17,0.0007192284100552664
2013-09-18,0.0040187492837198135
2013-09-19,0.0011025500620282522
2013-09-20,0.0009953197990392418
2013-09-23,0.004438191399775929
2013-09-24,-0.0015834936320366661
2013-09-25,-0.003017200727675109
2013-09-26,-0.00031653900068559965
2013-09-27,0.0007824233127425286
2013-09-30,-0.0010687549576310195
2013-10-01,0.0006940004300795094
2013-10-02,-0.0005540687859477085
2013-10-03,-0.0012402032110678638
2013-10-04,-0.00033921720806848817
2013-10-07,-0.00014312224251165337
2013-10-08,0.0025724368428565554
2013-10-09,0.0011498906268789847
2013-10-10,-0.0017714705273432008
2013-10-11,0.00045205124914326805
2013-10-14,-0.0002688808684729972
2013-10-15,-0.0004826601734405551
2013-10-16,0.0010916340112309265
2013-10-17,0.003142292155821177
2013-10-18,-0.0016192429218368882
2013-10-21,-0.00022760988509146907
2013-10-22,0.0006655856364724171
2013-10-23,0.0009174137975533444
2013-10-24,-0.003035508739749517
2013-10-25,0.004437974105539001
2013-10-28,0.0006515867813206529
2013-10-29,0.00048294038579060504
2013-10-30,0.0013292516901403442
2013-10-31,0.0004955721759550939
2013-11-01,-0.004863463580103711
2013-11-04,0.0007504128122850303
2013-11-05,0.0029433600685863917
2013-11-06,0.003131619264349636
2013-11-07,0.002525975773139156
2013-11-08,0.002832011254411293
2013-11-11,-0.0019213975546273714
2013-11-12,-0.002445908512393465
2013-11-13,0.0010468678342952173
2013-11-14,0.010394639132293554
2013-11-15,-0.0008617242772645966
2013-11-18,-0.0009288681517945705
2013-11-19,-0.0015843067442437545
2013-11-20,0.0003846918529469036
2013-11-21,-0.0017110785459620369
2013-11-22,0.00243114854175934
2013-11-25,-0.004615578310278583
2013-11-26,0.0011970650502008452
2013-11-27,-0.0005376301959232327
2013-11-29,-0.0018291631985844362
2013-12-02,0.0020889540357848443
2013-12-03,-0.00043016682834295114
2013-12-04,-0.000679319834118914
2013-12-05,0.0031244385150629474
2013-12-06,-0.0015443389730306432
2013-12-09,-0.0021711540848837856
2013-12-10,-0.0014935855704003144
2013-12-11,-0.001084991936778615
2013-12-12,0.0013811944431504951
2013-12-13,0.004040518500788278
2013-12-16,-0.002515127122644934
2013-12-17,-0.0001966223834706492
2013-12-18,-0.0024669812917157735
2013-12-19,-0.0014366222283915824
2013-12-20,0.0009812420021627197
2013-12-23,-0.003380858721347094
2013-12-24,-0.001143079942672822
2013-12-26,-0.001378089791316291
2013-12-27,-0.00029672472776414566
2013-12-30,0.0010407350053262818
2013-12-31,-0.003142657904284833
2014-01-02,0.002458026845918294
2014-01-03,0.0003693140226720955
2014-01-06,-0.0004315744300458632
2014-01-07,-0.00026082355650610734
2014-01-08,-0.00024827044231341504
2014-01-09,0.002697341754120274
2014-01-10,-0.0005617081025831857
2014-01-13,-0.00028553028525140755
2014-01-14,-0.001243334934160629
2014-01-15,-0.0024589455251228035
2014-01-16,-0.0005754722534536768
2014-01-17,0.0013260798198347227
2014-01-21,-0.0008970873953321278
2014-01-22,-0.0024057333376751263
2014-01-23,-0.0001917280384229083
2014-01-24,0.0010007716212681046
2014-01-27,0.003548438857789066
2014-01-28,-0.0028976098021451196
2014-01-29,-0.001031242860265816
2014-01-30,-0.0017844037371940575
2014-01-31,-0.005120308599726543
2014-02-03,0.0003263233391205722
2014-02-04,-0.0035539364429823077
2014-02-05,0.0018671812654422939
2014-02-06,8.281812400377851e-05
2014-02-07,0.0008979678879606613
2014-02-10,0.000837746618667292
2014-02-11,0.0018358944651045022
2014-02-12,-0.0024984114766753588
2014-02-13,0.0027203205823238693
2014-02-14,0.0011245792093742667
2014-02-18,-0.002533418131495651
2014-02-19,-0.002045752081318658
2014-02-20,-0.0019330252040748212
2014-02-21,0.0010276664128954808
2014-02-24,0.0014687222769954745
2014-02-25,0.0004327164983061653
2014-02-26,0.0012486578264597086
2014-02-27,-0.001015671431785626
2014-02-28,0.003105685974143373
2014-03-03,0.0007685161568187888
2014-03-04,-0.0014701852583185854
2014-03-05,0.0029764235949037644
2014-03-06,0.0019225512904594354
2014-03-07,0.0011275929939981119
2014-03-10,-0.0008393516372272042
2014-03-11,-0.0009711537863514065
2014-03-12,0.0005111507327445978
2014-03-13,0.0004063376405148922
2014-03-14,0.002416639952054832
2014-03-17,0.00023417437602506658
2014-03-18,-0.00310371658583013
2014-03-19,0.0006076340346979209
2014-03-20,-0.0035304546907492483
2014-03-21,0.0010943474543767327
2014-03-24,-0.00026311186778088427
2014-03-25,0.005454009074856516
2014-03-26,0.003934187905820548
2014-03-27,-0.0008184670290796055
2014-03-28,0.0010958389205619381
2014-03-31,0.0030120715191057357
2014-04-01,0.003620211422615375
2014-04-02,0.00044198740605864094
2014-04-03,-0.00106037633045099
2014-04-04,-0.002313662132647687
2014-04-07,-0.0016222091573619953
2014-04-08,0.0019032277094909325
2014-04-09,0.0028941131112553203
2014-04-10,-0.0002308603000228185
2014-04-11,-0.001967370893014894
2014-04-14,-0.0007048223998505257
2014-04-15,-0.00031389972557749205
2014-04-16,0.00016758976814958447
2014-04-17,-0.0037231445678173997
2014-04-21,0.0019664564293628162
2014-04-22,-0.001987883598185478
2014-04-23,0.0016913506968932509
2014-04-24,0.0029197880011543704
2014-04-25,0.0022616197881430724
2014-04-28,0.0012406711526956812
2014-04-29,-3.479293431413199e-06
2014-04-30,-0.0013744037304427995
2014-05-01,-0.0018733396304491438
2014-05-02,0.002404009308710952
2014-05-05,0.0035395080053640072
2014-05-06,0.0035546055013429396
2014-05-07,0.0005766277333138571
2014-05-08,0.0012975257881013647
2014-05-09,-0.0005793858951624555
2014-05-12,0.0004736380734479466
2014-05-13,5.304303040795389e-05
2014-05-14,0.0008553600761956549
2014-05-15,-0.002908457776440783
2014-05-16,-0.0009148192811215787
2014-05-19,0.00023944859849169193
2014-05-20,0.004589369605283764
2014-05-21,-0.002325090666501309
2014-05-22,-0.0015233526976725083
2014-05-23,-2.9027876776294842e-05
2014-05-27,-0.0036802573091803924
2014-05-28,-0.0023161085919050275
2014-05-29,0.001831875987128678
2014-05-30,0.0011487250159654123
2014-06-02,-0.0006722560500566929
2014-06-03,0.0005030650842235015
2014-06-04,-0.0011401180311275067
2014-06-05,0.0008058848481301874
2014-06-06,-0.0006267717722896935
2014-06-09,-0.0023802938493714294
2014-06-10,0.0026608369092098703
2014-06-11,0.0005618099425963259
2014-06-12,0.0020392153418463174
2014-06-13,0.0019270647785687768
2014-06-16,0.0004631109773025675
2014-06-17,0.002884565980803755
2014-06-18,-0.0041859614520334595
2014-06-19,0.0005330791574681427
2014-06-20,0.0010213231460115555
2014-06-23,-0.0012042975975078585
2014-06-24,-0.0015243075935821265
2014-06-25,0.0006206896867019199
2014-06-26,-0.00011589918050619054
2014-06-27,0.0005635460044747193
2014-06-30,-0.0001572513932078084
2014-07-01,0.003163709085396471
2014-07-02,-0.00047645112930103794
2014-07-03,-0.00016756642325192143
2014-07-07,0.002045493103260661
2014-07-08,0.0012820890059746348
2014-07-09,0.001082144697129348
2014-07-10,-4.513952596789362e-05
2014-07-11,-0.0006090396343185078
2014-07-14,0.00026888397405916246
2014-07-15,0.00043883672896817875
2014-07-16,-0.002164204061637156
2014-07-17,-0.0009611794896791286
2014-07-18,0.0002918393095464245
2014-07-21,-0.0016130673914470808
2014-07-22,0.0023403027153178885
2014-07-23,-0.0001913938962326895
2014-07-24,0.0012415166827939642
2014-07-25,0.004724707597975176
2014-07-28,-6.891935004393922e-05
2014-07-29,-0.00012769775777477215
2014-07-30,-0.001352105377765749
2014-07-31,-0.0008495292787339616
2014-08-01,-0.0014102418202972858
2014-08-04,0.000505037536085267
2014-08-05,-0.0003785904201000774
2014-08-06,-0.001815267196789865
2014-08-07,8.659087034574079e-05
2014-08-08,-0.0015858213517733985
2014-08-11,-0.00032212744204456286
2014-08-12,-0.00016992613227129335
2014-08-13,0.0020524401332671694
2014-08-14,-0.0038513724176237386
2014-08-15,0.0008892920998149956
2014-08-18,-0.002851625710349589
2014-08-19,0.00032781523692523287
2014-08-20,-0.0012578989476653406
2014-08-21,0.0020953599258547863
2014-08-22,-0.0006380893006006083
2014-08-25,0.0015274806692603712
2014-08-26,-0.00250720818948578
2014-08-27,0.0013764306613827573
2014-08-28,-0.0018893669885200147
2014-08-29,0.0011633807062263973
2014-09-02,0.0015419146163759868
2014-09-03,0.0008718547609679877
2014-09-04,-0.002810644244860294
2014-09-05,0.0004157177662455473
2014-09-08,-0.000249883830825513
2014-09-09,0.001945477470731747
2014-09-10,-0.0002686044763002128
2014-09-11,0.0013646758911238417
2014-09-12,4.4140178272388734e-05
2014-09-15,-0.0006700873449039999
2014-09-16,-0.00017405188326423816
2014-09-17,-0.0023578250791408024
2014-09-18,0.00018397651624864374
2014-09-19,-0.0031303848506644733
2014-09-22,-0.0012904227842706422
2014-09-23,0.0024107700206396645
2014-09-24,-0.00010370944198508786
2014-09-25,-0.0011704425666310772
2014-09-26,0.0016600850585991663
2014-09-29,-0.0007933030746725343
2014-09-30,0.0006932015468942769
2014-10-01,-0.00038504163785703805
2014-10-02,0.0005351768422710412
2014-10-03,-0.0006695375201991175
2014-10-06,0.0008671321856339454
2014-10-07,-0.0006952762595648264
2014-10-08,-0.00021623527305547537
2014-10-09,-0.00032033028676129577
2014-10-10,-0.0005856172384682414
2014-10-13,-0.007276635922619963
2014-10-14,-0.003156841477121204
2014-10-15,0.006221870832052494
2014-10-16,0.0036091324086082975
2014-10-17,0.003781623796844521
2014-10-20,0.0013959995637387642
2014-10-21,0.003206724622635663
2014-10-22,-0.0008005506594035794
2014-10-23,-0.000877865949958112
2014-10-24,-0.004092758590480413
2014-10-27,-0.005073213466441859
2014-10-28,0.002642211283307716
2014-10-29,-0.0010241713451125032
2014-10-30,-0.005278859133337827
2014-10-31,0.0012117678303521923
2014-11-03,0.0006143065081565654
2014-11-04,-0.0016529289272419357
2014-11-05,-0.0015312328468065246
2014-11-06,0.001724188263904548
2014-11-07,0.0013442361110340103
2014-11-10,-0.002573868967398462
2014-11-11,0.0023182245601104387
2014-11-12,-0.0005385938958492732
2014-11-13,0.0003067797656424458
2014-11-14,0.0015751767828084463
2014-11-17,1.3074909190524371e-05
2014-11-18,0.0005738897060642422
2014-11-19,0.0006390414849971214
2014-11-20,0.0010581032443478795
2014-11-21,-0.0007677501786305897
2014-11-24,-0.0008211049525005901
2014-11-25,-0.002352607784923061
2014-11-26,-0.0014254880103362162
2014-11-28,-0.007256806521356665
2014-12-01,0.0009755565714835428
2014-12-02,0.005555695109007595
2014-12-03,0.004663613683440535
2014-12-04,0.00013424104749785743
2014-12-05,0.002149371767133062
2014-12-08,-0.003856352573340858
2014-12-09,-0.0015491210119772004
2014-12-10,-0.0005737360621911386
2014-12-11,0.0007296489602316586
2014-12-12,-0.0045065037577279475
2014-12-15,0.002231291152763726
2014-12-16,-0.0014057716352164976
2014-12-17,0.00042320449664717905
2014-12-18,0.0027127695353481194
2014-12-19,0.0013712947146845456
2014-12-22,0.0018268360930707014
2014-12-23,0.0007439013268709896
2014-12-24,0.0007593824201784448
2014-12-26,0.002229813274866449
2014-12-29,0.00015614614295755965
2014-12-30,-0.0021341139613724387
2014-12-31,-0.002004767718061982
2015-01-02,0.0014092052440177602
2015-01-05,0.00022979865815977388
2015-01-06,0.005708425131810187
2015-01-07,0.00025714652127545003
2015-01-08,0.0006450675059818715
2015-01-09,-0.0018874801773658366
2015-01-12,-8.392471804483125e-05
2015-01-13,0.004856342675451201
2015-01-14,0.0041984131817194605
2015-01-15,-0.002913238521977649
2015-01-16,-0.0015745991359536614
2015-01-20,0.0024586134064876765
2015-01-21,-0.001394905712315033
2015-01-22,-0.004651224564597618
2015-01-23,-0.0033968741915898827
2015-01-26,0.001062483700213947
2015-01-27,-0.0018389019403450286
2015-01-28,0.00030416699710154415
2015-01-29,-0.0009789447473308134
2015-01-30,-0.003407634538123597
2015-02-02,0.004563292135056372
2015-02-03,0.0008459249709296675
2015-02-04,-0.0014546770474312093
2015-02-05,0.002040489873008012
2015-02-06,0.0007123048530992475
2015-02-09,0.002956055518616085
2015-02-10,0.0018016436254610238
2015-02-11,0.0028664092657087227
2015-02-12,0.004072020016669795
2015-02-13,0.0006352151072257319
2015-02-17,0.0011958909958101065
2015-02-18,-7.492126926746193e-05
2015-02-19,0.004699554799926354
2015-02-20,0.0005259007822461395
2015-02-23,-0.0003991874399706301
2015-02-24,0.0026040383271185865
2015-02-25,0.0017489046012826941
2015-02-26,-0.0077152389467684945
2015-02-27,3.563447189663591e-05
2015-03-02,0.00116350101934962
2015-03-03,0.00423389774597834
2015-03-04,0.0003601072269341168
2015-03-05,0.0017807920846279269
2015-03-06,0.0037212018283358803
2015-03-09,0.0002950005591310106
2015-03-10,0.0008215851441423926
2015-03-11,0.001927441054116132
2015-03-12,-0.002456768027219295
2015-03-13,0.0018669153498146645
2015-03-16,0.00022392183885317505
2015-03-17,-0.0006322052965751083
2015-03-18,0.0003795232365312298
2015-03-19,-0.002201290177735305
2015-03-20,0.002332402986106051
2015-03-23,0.0007953467676539255
2015-03-24,0.00210392914391665
2015-03-25,-0.0005658600712971749
2015-03-26,-0.0012300894104904229
2015-03-27,0.002651627526818089
2015-03-30,-0.00015541379042323129
2015-03-31,0.00040243565666707237
2015-04-01,-0.0015140698955734464
2015-04-02,0.0015766097075930316
2015-04-06,0.0005649900410631685
2015-04-07,0.0007129504704235285
2015-04-08,-5.8490964125826285e-05
2015-04-09,0.0006817497885380631
2015-04-10,0.0015196923269113803
2015-04-13,0.0008356343955999788
2015-04-14,-0.002296493231478172
2015-04-15,-0.00036860699677714027
2015-04-16,0.0003419599064160585
2015-04-17,-0.00250433998257966
2015-04-20,0.0026096330403907464
2015-04-21,-0.0013383105167040373
2015-04-22,-0.00011643486155864707
2015-04-23,0.0032839480718249597
2015-04-24,0.0057007548332817445
2015-04-27,0.0003064912573770063
2015-04-28,-0.0032891100495557775
2015-04-29,-0.0026436620868945174
2015-04-30,-0.0027931205798215706
2015-05-01,0.0007811162943766883
2015-05-04,-0.0009743102028122324
2015-05-05,-0.0006884094687156853
2015-05-06,0.0012333336139692729
2015-05-07,0.0005790209299848414
2015-05-08,0.0004394034568789293
2015-05-11,-0.001553953070855398
2015-05-12,0.00028736705531003895
2015-05-13,-0.0010027234484943485
2015-05-14,0.002573367021917429
2015-05-15,0.0008631485662185702
2015-05-18,9.605598392577072e-05
2015-05-19,-0.0005601297682363757
2015-05-20,-0.0035647712806164415
2015-05-21,0.0013581273721650956
2015-05-22,0.0016634088096878885
2015-05-26,0.0011019912420811213
2015-05-27,-0.0007230130609500292
2015-05-28,0.0007049980964675174
2015-05-29,-0.000880232975015322
2015-06-01,0.0003307098182735468
2015-06-02,0.0010303500948605445
2015-06-03,-0.00034115811276995287
2015-06-04,-0.0025750920067916815
2015-06-05,0.001835996470384758
2015-06-08,-0.0007107650217792232
2015-06-09,-0.0008292425705168014
2015-06-10,-9.657469532295599e-05
2015-06-11,-0.0011345884691489794
2015-06-12,-0.0011451670041588932
2015-06-15,0.0017705502958725323
2015-06-16,-0.0007238661693900093
2015-06-17,3.495451177113265e-05
2015-06-18,0.0016481539065185923
2015-06-19,0.00019106860658758677
2015-06-22,0.0006602492847307675
2015-06-23,0.0007381439327908781
2015-06-24,-0.000330706859389505
2015-06-25,-0.0009406200167434084
2015-06-26,0.001557919738385921
2015-06-29,-0.0033342954310314954
2015-06-30,0.0011736835264358654
2015-07-01,-0.00015597191391341275
2015-07-02,-0.0019011140151955562
2015-07-06,0.0012711512844588802
2015-07-07,-0.0017951266191531172
2015-07-08,-5.8016584638796015e-05
2015-07-09,0.0018307533727116084
2015-07-10,-0.0003093019661744616
2015-07-13,-0.0025143876524895315
2015-07-14,0.00039920877539687254
2015-07-15,0.001349487974724695
2015-07-16,0.0008194881815260532
2015-07-17,-0.0026454608717811213
2015-07-20,-0.0015622376144177625
2015-07-21,0.0031361482062196534
2015-07-22,-0.0037102117704109422
2015-07-23,-0.0009466379673576426
2015-07-24,0.0017201763083352153
2015-07-27,-0.0033284918584383554
2015-07-28,-0.0027040359465782407
2015-07-29,-0.0007846555483030004
2015-07-30,0.00011007180880861459
2015-07-31,0.0003432533807822694
2015-08-03,-0.0022484214175444673
2015-08-04,4.471431553045003e-05
2015-08-05,-0.004156060441650785
2015-08-06,0.0025346643166051968
2015-08-07,0.0027003127535844863
2015-08-10,0.005529705893988753
2015-08-11,-0.004762974191165704
2015-08-12,6.195719529380084e-05
2015-08-13,-0.002755935908303929
2015-08-14,0.00028179200380944766
2015-08-17,-0.00011669586399543769
2015-08-18,-0.000787335499781236
2015-08-19,-0.0002140931615204925
2015-08-20,7.87831430660588e-05
2015-08-21,0.002039415337743023
2015-08-24,0.003258713360606855
2015-08-25,0.0010687416353828373
2015-08-26,-0.0008566751952774945
2015-08-27,0.0027132562113147156
2015-08-28,-0.0014067366482768805
2015-08-31,0.004037008674547536
2015-09-01,-0.0019618804287150973
2015-09-02,-0.00512046684513157
2015-09-03,4.333401484273654e-05
2015-09-04,-0.0016365341986573855
2015-09-08,-0.00069150098271136
2015-09-09,-0.0013070730246269276
2015-09-10,-0.0026811121249075403
2015-09-11,-0.0007407715853030399
2015-09-14,0.0005632930931380931
2015-09-15,-0.0011595658921475776
2015-09-16,0.0013920717840480573
2015-09-17,0.005160284019523368
2015-09-18,0.0004031474687620452
2015-09-21,-0.0016032256907578413
2015-09-22,0.001592516875633995
2015-09-23,0.0027131105422889914
2015-09-24,0.0004399851557487792
2015-09-25,-0.000126569916620459
2015-09-28,0.0019923225474655897
2015-09-29,-0.0013089388853147212
2015-09-30,-0.0025817442513530603
2015-10-01,0.0021554770750743146
2015-10-02,-0.0042567941240168215
2015-10-05,-0.0027758571190442186
2015-10-06,-0.007951045235630514
2015-10-07,0.0028586905396340155
2015-10-08,-0.004337072800443004
2015-10-09,0.0005377050277809297
2015-10-12,0.0038142191324067095
2015-10-13,-0.00037586720559499675
2015-10-14,-0.007957279912967432
2015-10-15,0.005150377954112401
2015-10-16,5.614227245618239e-05
2015-10-19,0.005754053059243032
2015-10-20,-0.002792796533382667
2015-10-21,0.0012408955775735757
2015-10-22,-0.007381846007191064
2015-10-23,0.006500976079141548
2015-10-26,0.0067743791231282425
2015-10-27,0.0014735145676616386
2015-10-28,0.0010271176015964332
2015-10-29,0.00015922345367860012
2015-10-30,0.0030752155414138665
2015-11-02,-0.004389381594487771
2015-11-03,-0.00045590697309796533
2015-11-04,0.0016672508981276893
2015-11-05,0.008146949597747501
2015-11-06,-0.0063179521255876635
2015-11-09,0.0008579161118778316
2015-11-10,0.003844202193088033
2015-11-11,-0.0015920872861890432
2015-11-12,0.0008561861430964957
2015-11-13,-0.007895302594202205
2015-11-16,-0.00272542603136553
2015-11-17,0.005355736607053241
2015-11-18,0.004780055199404676
2015-11-19,-0.0004156089101694482
2015-11-20,0.004541240113733705
2015-11-23,-0.0009244556441157803
2015-11-24,0.002660123932185156
2015-11-25,0.000808446752082608
2015-11-27,0.00029446202434159244
2015-11-30,0.0016036860366738688
2015-12-01,0.0046629871386778265
2015-12-02,0.0023338530657267455
2015-12-03,0.0011388995718726756
2015-12-04,-0.0014870982743857403
2015-12-07,-0.0017559495052686242
2015-12-08,-0.0029367717425884577
2015-12-09,0.0022069730987653267
2015-12-10,0.00294623510321219
2015-12-11,0.0025322984830264696
2015-12-14,0.003483368856226278
2015-12-15,0.008394619554091699
2015-12-16,-0.0060915757678877335
2015-12-17,-0.0011199440823823396
2015-12-18,0.0008134976449208394
2015-12-21,-0.001702087047385311
2015-12-22,-0.0016673247927331946
2015-12-23,4.89756807825281e-05
2015-12-24,-0.00021277670578213317
2015-12-28,0.0005619364234893747
2015-12-29,0.00024988020185144275
2015-12-30,-0.002036508782325157
2015-12-31,0.0017739332648058423
2016-01-04,-0.0021401158439160644
2016-01-05,-0.0013849746481518317
2016-01-06,0.0009044768778699038
2016-01-07,-0.002086105837091119
2016-01-08,0.0032965131182896503
2016-01-11,-0.0016653044145108846
2016-01-12,-0.00042799237371141357
2016-01-13,0.0006243585276501471
2016-01-14,-0.0010622938608782669
2016-01-15,-0.002089364850853923
2016-01-19,-0.0019518303313924346
2016-01-20,0.0015776468640444727
2016-01-21,0.0012444820600302654
2016-01-22,0.004757301819189336
2016-01-25,0.0013950100637726785
2016-01-26,0.0016825344821296048
2016-01-27,-0.004412502941750981
2016-01-28,0.0009393522486932971
2016-01-29,-0.002779032715644914
2016-02-01,0.0006526504174711582
2016-02-02,-0.00024842586295714415
2016-02-03,-0.0035496112918985447
2016-02-04,-0.0005398844869052167
2016-02-05,-0.004817602499320764
2016-02-08,-0.005833035039804035
2016-02-09,0.0025261984323751274
2016-02-10,0.00038215574439137294
2016-02-11,-7.681288009365192e-05
2016-02-12,8.690360125273482e-05
2016-02-16,0.0010307411455072121
2016-02-17,0.00656773007455058
2016-02-18,-0.0009052333120883034
2016-02-19,-0.0032951860654362912
2016-02-22,0.004804186359065899
2016-02-23,-0.0017300218667596805
2016-02-24,-0.0011637350876706211
2016-02-25,-9.02024423361968e-05
2016-02-26,0.006549372982969033
2016-02-29,-0.0010853702383410132
2016-03-01,0.0026147462939924053
2016-03-02,0.006141650815297836
2016-03-03,-0.002359342282703928
2016-03-04,0.006085097510247503
2016-03-07,-0.001364113871367435
2016-03-08,0.002821218251285048
2016-03-09,0.002663991118626955
2016-03-10,-0.004259426256404879
2016-03-11,0.00023075354679310232
2016-03-14,0.001372074313673225
2016-03-15,-0.0019223910447643787
2016-03-16,-0.004665124733890611
2016-03-17,-0.002178518134905032
2016-03-18,-2.7030821518347643e-05
2016-03-21,0.002813109322667874
2016-03-22,0.002581782948208331
2016-03-23,0.004559371850546756
2016-03-24,-0.0023476045125507437
2016-03-28,0.00041669191760485046
2016-03-29,-0.00403137735609159
2016-03-30,0.0010611846433991982
2016-03-31,-0.005567370618334056
2016-04-01,0.0011153636612926264
2016-04-04,0.0024940902184499704
2016-04-05,-0.0002812302869124577
2016-04-06,0.004437678219748206
2016-04-07,0.00025075365576110453
2016-04-08,-0.0014545004398608865
2016-04-11,-0.0012466779718373058
2016-04-12,0.0009535318977668072
2016-04-13,-0.0010779769641338513
2016-04-14,0.0007601175411215977
2016-04-15,0.0013486729226610118
2016-04-18,0.00021374632949529813
2016-04-19,0.0032876692311762223
2016-04-20,0.000793302658087031
2016-04-21,-0.0009069966646130381
2016-04-22,-0.0019701626134710983
2016-04-25,0.0005468245918763933
2016-04-26,0.0009917057751584013
2016-04-27,0.002534300173116866
2016-04-28,-5.878200885506106e-06
2016-04-29,8.246799219522395e-05
2016-05-02,0.0008978002113374567
2016-05-03,0.0003375173830642629
2016-05-04,-0.0008070243168500817
2016-05-05,-0.0019969600584286277
2016-05-06,0.0005659149748189419
2016-05-09,-0.0013116017840961252
2016-05-10,0.0014461110476925373
2016-05-11,-0.00153417395372598
2016-05-12,-0.0021713897881264414
2016-05-13,0.00029824950726482487
2016-05-16,4.910987125564042e-05
2016-05-17,3.946526888686734e-05
2016-05-18,0.0006442641417895544
2016-05-19,0.001363128953456889
2016-05-20,-0.0008723870412803076
2016-05-23,-0.0005732367051155882
2016-05-24,-0.0014041992965909168
2016-05-25,0.001530408136531892
2016-05-26,0.0012480669660681917
2016-05-27,-0.0010932694566963145
2016-05-31,0.0007482801523765059
2016-06-01,-0.0009509821506792728
2016-06-02,0.0009827443369305605
2016-06-03,0.001868821449189509
2016-06-06,0.0009073691072185182
2016-06-07,0.0005511225750804584
2016-06-08,0.0003499222273503188
2016-06-09,0.0013623671417966293
2016-06-10,0.00017706547484378377
2016-06-13,0.0007200082834902139
2016-06-14,-0.0008978647166586254
2016-06-15,0.0015722457404466804
2016-06-16,-0.001950529570546867
2016-06-17,0.0009542094419683254
2016-06-20,-0.000243922682810329
2016-06-21,0.0008763756075357674
2016-06-22,-0.00013767074079435782
2016-06-23,0.0007600737513638171
2016-06-24,0.0031625048517572468
2016-06-27,-0.0026611810101523363
2016-06-28,0.002153586525901777
2016-06-29,0.002350574229490099
2016-06-30,0.0013094780261849997
2016-07-01,0.0030364300150024855
2016-07-05,-0.003119915132416091
2016-07-06,-0.001189444688562
2016-07-07,-0.0006858255295920259
2016-07-08,0.0013927410580663955
2016-07-11,0.0006929163330407227
2016-07-12,-0.0002758775390028805
2016-07-13,0.0005962133227137471
2016-07-14,-0.0013127756707021342
2016-07-15,0.0015769655313939259
2016-07-18,0.0012294186292681052
2016-07-19,-0.0006561479988095853
2016-07-20,-0.002004412061085724
2016-07-21,0.0018929619662176292
2016-07-22,0.00178507826234937
2016-07-25,-0.00327865758552065
2016-07-26,-0.0004008555065242805
2016-07-27,-0.0050720501665635735
2016-07-28,0.0015351243075636888
2016-07-29,0.0001842343624090234
2016-08-01,-0.004031184575855202
2016-08-02,0.005352968939227633
2016-08-03,0.00015812317726451874
2016-08-04,0.0002735580235771151
2016-08-05,0.003830840006318378
2016-08-08,0.0006798223183395012
2016-08-09,-0.0006338200006561232
2016-08-10,-0.002348040626651746
2016-08-11,-0.0005429132820231097
2016-08-12,0.0013410555967604152
2016-08-15,-0.0018061338054417854
2016-08-16,0.002998320926980958
2016-08-17,-0.0037282298292319613
2016-08-18,0.00011183212896443773
2016-08-19,0.0031442126514477134
2016-08-22,-0.0001762622736319312
2016-08-23,0.0014073237593795092
2016-08-24,-0.0026676838656872243
2016-08-25,-1.550192070330029e-05
2016-08-26,0.0007984720747915253
2016-08-29,0.0007543565115723924
2016-08-30,-0.003553709648324344
2016-08-31,-0.0017387743445175887
2016-09-01,-0.0019969240009753897
2016-09-02,4.8622029771164276e-05
2016-09-06,0.001881394898725315
2016-09-07,0.0013264580974354419
2016-09-08,0.00010358640460031963
2016-09-09,-0.003577905420135084
2016-09-12,0.0012783932471356614
2016-09-13,-0.0025794874711636004
2016-09-14,0.0007797783502881315
2016-09-15,0.0021325096664708792
2016-09-16,-0.0016597339174360109
2016-09-19,-0.0025897608582645627
2016-09-20,-0.00011095627736423396
2016-09-21,-0.00033623991415670997
2016-09-22,0.001063733616329624
2016-09-23,-0.0018160082987241344
2016-09-26,0.00019735117469454178
2016-09-27,-0.0022369665707929025
2016-09-28,0.003560291568810581
2016-09-29,0.004646630535374358
2016-09-30,-0.0008933386330757386
2016-10-03,1.523237722763542e-05
2016-10-04,-4.326080283290697e-05
2016-10-05,-0.00044647229165783846
2016-10-06,0.0015548523585589042
2016-10-07,0.0011558181690760627
2016-10-10,0.0013471044282201286
2016-10-11,0.0008752437332460034
2016-10-12,0.001005460616068691
2016-10-13,0.001633972864396599
2016-10-14,0.0006656260431350278
2016-10-17,0.0009717241225815921
2016-10-18,0.0023525260241875215
2016-10-19,0.000457363031832375
2016-10-20,0.004094717613375634
2016-10-21,-0.0029054908394485794
2016-10-24,-0.002723565932366005
2016-10-25,0.0005830245665518459
2016-10-26,-0.0024515798799757305
2016-10-27,-0.005588499965205983
2016-10-28,0.0003397095856270447
2016-10-31,0.001133192142672931
2016-11-01,0.0011220864470297776
2016-11-02,0.0004311457511688503
2016-11-03,0.0009658270770243746
2016-11-04,0.0006586572082488488
2016-11-07,0.0010801196068399386
2016-11-08,0.0007612078672987938
2016-11-09,0.0033558335408004412
2016-11-10,0.008331220522353478
2016-11-11,-0.0005871549816340773
2016-11-14,-0.0014008150877551757
2016-11-15,-0.00475973633831067
2016-11-16,0.0005068164673856427
2016-11-17,-0.0011145496423871145
2016-11-18,-0.0031128743404079326
2016-11-21,0.00016263895082851304
2016-11-22,0.0007509912662827816
2016-11-23,0.0003765513803501017
2016-11-25,0.0016880084898318391
2016-11-28,3.7681320993009266e-05
2016-11-29,0.002933161667633546
2016-11-30,-0.006366361056978968
2016-12-01,-0.0018118624192724787
2016-12-02,0.0008545628149709337
2016-12-05,0.0033881479882789303
2016-12-06,-0.0022098034451216693
2016-12-07,-0.00028396012901393873
2016-12-08,-0.002841389888050578
2016-12-09,-0.0018363554894892473
2016-12-12,0.0013458696494782906
2016-12-13,0.0012281318485698595
2016-12-14,-0.0007511029966640905
2016-12-15,-0.0015665025071260272
2016-12-16,-0.0004677103335427493
2016-12-19,-0.0002732210285466432
2016-12-20,0.0004902991200622724
2016-12-21,0.00123074887480356
2016-12-22,-0.000964443834043001
2016-12-23,-0.00011797850809577035
2016-12-27,0.0006506703266278717
2016-12-28,0.0012078249365324331
2016-12-29,-0.0017244350098487766
2016-12-30,-0.0007953698256947463
2017-01-03,-0.002953000215705937
2017-01-04,-0.00012966970366826798
2017-01-05,3.2706455977031274e-05
2017-01-06,-0.0009351839027685967
2017-01-09,0.001044516782666614
2017-01-10,-0.0008592091443100063
2017-01-11,0.006972233192306535
2017-01-12,0.00029637410215167163
2017-01-13,-0.0007841125414800182
2017-01-17,-0.0037476927838523107
2017-01-18,0.002436883285997056
2017-01-19,-0.0009697328830806659
2017-01-20,-0.0016629519018774163
2017-01-23,-0.00445408645711729
2017-01-24,0.0012492337642481066
2017-01-25,0.004727330915145156
2017-01-26,-0.0030942547391195705
2017-01-27,-1.714498789403895e-05
2017-01-30,-0.001127353229209969
2017-01-31,-0.0008121767467489517
2017-02-01,-0.004829055852666192
2017-02-02,0.0008774713461750242
2017-02-03,0.002242283522095221
2017-02-06,-0.0001239565357886243
2017-02-07,-0.001766237125720057
2017-02-08,-4.757283085695703e-05
2017-02-09,-0.001049393189821535
2017-02-10,0.0010756285966809435
2017-02-13,0.0002874387852364897
2017-02-14,-0.0005526687196855064
2017-02-15,-0.002703696031742008
2017-02-16,0.0012653344942437838
2017-02-17,-0.0013846068973670037
2017-02-21,0.0010123588037920907
2017-02-22,-9.581051117866986e-05
2017-02-23,0.001796086576633439
2017-02-24,0.0004905535319812044
2017-02-27,0.0007072097101741688
2017-02-28,-0.0008428495425175215
2017-03-01,-5.859119905266637e-05
2017-03-02,-0.0004360607748111402
2017-03-03,-0.0014646404771570364
2017-03-06,0.000914356573101217
2017-03-07,-0.001011844016757405
2017-03-08,-0.0008882515299170866
2017-03-09,0.0010254912297278658
2017-03-10,-0.0010698604632455302
2017-03-13,-0.0012855159953424622
2017-03-14,-0.001232087775275009
2017-03-15,0.0011830079569785557
2017-03-16,-0.0021099097623624775
2017-03-17,-0.0003252236512013506
2017-03-20,0.001167957277704653
2017-03-21,-0.00031056569080869676
2017-03-22,0.0006131042128088642
2017-03-23,-5.8386388016994084e-05
2017-03-24,8.185409592118941e-05
2017-03-27,-0.0006712315690858122
2017-03-28,-0.0004977501575839285
2017-03-29,-0.0003340910705291335
2017-03-30,-0.001117813005335738
2017-03-31,0.001522004938951067
2017-04-03,0.0014152648409459074
2017-04-04,-0.0008294283449710248
2017-04-05,-0.0009468822904392491
2017-04-06,-0.00032993038953606734
2017-04-07,-0.0011655150409521364
2017-04-10,-0.00120660109864192
2017-04-11,0.0008685155590563052
2017-04-12,-0.0007028264684843448
2017-04-13,-0.0012182608772666878
2017-04-17,0.0004932328410281659
2017-04-18,-8.713718783441874e-06
2017-04-19,0.0002662181853205597
2017-04-20,4.593786058008681e-05
2017-04-21,0.0013100089980582754
2017-04-24,-0.0020428321317954553
2017-04-25,0.000959556048099367
2017-04-26,-0.0003933443658754727
2017-04-27,0.00011861827799905782
2017-04-28,0.0009544608732366285
2017-05-01,-0.0022186108653120145
2017-05-02,0.0013234129684370544
2017-05-03,-0.0001487985899620419
2017-05-04,-0.0023678265641475815
2017-05-05,-0.0005438190306508586
2017-05-08,0.00043650556712330487
2017-05-09,0.0012536774702947666
2017-05-10,-0.0006735896393322658
2017-05-11,-0.001046376486075334
2017-05-12,-0.0009602534075510856
2017-05-15,0.000723587272610973
2017-05-16,-0.0020387882894932247
2017-05-17,0.0018253016286336162
2017-05-18,-0.0007594849381948243
2017-05-19,-0.0018560050363007512
2017-05-22,-0.0007439648141954254
2017-05-23,-0.0015456424145472909
2017-05-24,-0.0036323623458421554
2017-05-25,-0.0007065742961839521
2017-05-26,0.00047090494015399634
2017-05-30,0.0015135164572055437
2017-05-31,0.00102275591002394
2017-06-01,-0.0012741921539249812
2017-06-02,-0.00224544304584103
2017-06-05,0.00034454919741329473
2017-06-06,0.00042269984988712553
2017-06-07,-0.0009636416494489647
2017-06-08,0.0010367779289292749
2017-06-09,-0.0013526980279147487
2017-06-12,0.001073919783299868
2017-06-13,0.000703379975659937
2017-06-14,-8.495511267533158e-06
2017-06-15,0.0003467120595055807
2017-06-16,-0.0014007109474093841
2017-06-19,0.0026309905340309234
2017-06-20,-0.000392885605648546
2017-06-21,0.0014044411462255616
2017-06-22,0.0027461487702974655
2017-06-23,0.0016029871647888741
2017-06-26,0.0009475961167512183
2017-06-27,0.00250761370638394
2017-06-28,0.0009637106638932446
2017-06-29,0.00048706355647562793
2017-06-30,-0.001075951834969906
2017-07-03,0.0007739956162458808
2017-07-05,-0.0032586233667626007
2017-07-06,-0.0026602073662843023
2017-07-07,0.00046784392058600447
2017-07-10,-0.0016576668117523883
2017-07-11,0.0018114949333260916
2017-07-12,0.0005471910539269966
2017-07-13,-0.00030914912030057597
2017-07-14,0.00043190283009966854
2017-07-17,-0.0009794716629125994
2017-07-18,0.0008088952645299426
2017-07-19,0.0005607661090370828
2017-07-20,-0.0005920712385048484
2017-07-21,-0.002324489778519648
2017-07-24,-0.0012980512522992606
2017-07-25,-0.0005178920390374602
2017-07-26,-0.0030986399839373524
2017-07-27,-0.0010937627350546234
2017-07-28,0.0011083161907504268
2017-07-31,0.00012122945491163797
2017-08-01,-0.001234620324718966
2017-08-02,0.002674343693497651
2017-08-03,-0.0007004092075809135
2017-08-04,-0.000927845078966175
2017-08-07,0.0007661941894193372
2017-08-08,0.0007443216102731489
2017-08-09,0.001358165497105973
2017-08-10,0.0020478363831814258
2017-08-11,0.0006296725929991374
2017-08-14,0.0014043263951271407
2017-08-15,0.0016595312121556033
2017-08-16,4.873916497583736e-05
2017-08-17,0.0008283611475283006
2017-08-18,-0.0025976665088282107
2017-08-21,-0.0016687956261218608
2017-08-22,-0.0005938640822728086
2017-08-23,-0.002489629712817734
2017-08-24,-0.0021617065977987634
2017-08-25,-0.00042605843342443804
2017-08-28,-0.00027872914249624085
2017-08-29,0.000279178047358719
2017-08-30,-0.0009868009278919075
2017-08-31,0.0020390281434366584
2017-09-01,0.0011944811308786248
2017-09-05,-0.002110272218288899
2017-09-06,0.00024122627867473198
2017-09-07,-0.0004911151357074005
2017-09-08,0.0007713935991383068
2017-09-11,-0.0010972439321885951
2017-09-12,0.0019223873483504104
2017-09-13,0.0008620598837513769
2017-09-14,0.0004001834884370158
2017-09-15,-0.0010719090813044293
2017-09-18,0.0018844270090657151
2017-09-19,-0.000628482527413947
2017-09-20,0.0013092129715874543
2017-09-21,0.0005757054029010141
2017-09-22,-0.0006846479506505939
2017-09-25,0.0006125780822177143
2017-09-26,0.00011741104876862932
2017-09-27,-0.0009669616860727663
2017-09-28,-0.00033174971220640935
2017-09-29,0.000567778091003078
2017-10-02,2.457873984782773e-05
2017-10-03,0.0014920392706249618
2017-10-04,4.043623969540543e-05
2017-10-05,-0.0015541244705121315
2017-10-06,0.0028100154750798907
2017-10-09,0.0006636184549460107
2017-10-10,-0.0011144891557289976
2017-10-11,-0.0002754174127370506
2017-10-12,0.0009065577313715437
2017-10-13,0.00031350683321570614
2017-10-16,0.0021327281344121368
2017-10-17,0.0016803901595370961
2017-10-18,0.0021597615036074366
2017-10-19,0.005208924224011351
2017-10-20,-0.001526283109614987
2017-10-23,-0.0017199465238020252
2017-10-24,-0.0031556633468692243
2017-10-25,0.00042807630814004733
2017-10-26,-0.0017357393235991456
2017-10-27,-0.0009756168229662567
2017-10-30,0.003026277381309975
2017-10-31,0.0006671540858507218
2017-11-01,0.00022550351148327072
2017-11-02,0.0020929139571070746
2017-11-03,0.0013050209681514332
2017-11-06,-8.272895751488185e-05
2017-11-07,0.00034576000125688183
2017-11-08,0.002615139989817276
2017-11-09,-0.0010187425961351924
2017-11-10,0.001883826985663588
2017-11-13,-0.0010415492642029418
2017-11-14,0.00028144897751492676
2017-11-15,0.0010068848771984248
2017-11-16,0.0007756994621711056
2017-11-17,0.0020896098977135754
2017-11-20,-0.0009151308744897685
2017-11-21,0.0033988476528773828
2017-11-22,0.0015034442125803093
2017-11-24,0.00015222722928189358
2017-11-27,-0.0019376912693687045
2017-11-28,0.001561752230006247
2017-11-29,-0.0026367426825206373
2017-11-30,0.0007864632774729739
2017-12-01,-0.0009015569885533268
2017-12-04,-0.003379758487641803
2017-12-05,0.003135031656111814
2017-12-06,-0.00038207442393699026
2017-12-07,0.0009231181223185335
2017-12-08,-0.001784495624715696
2017-12-11,0.0010121238585491053
2017-12-12,0.0005346573359391428
2017-12-13,-0.0010634065098121853
2017-12-14,0.00125269644576971
2017-12-15,-0.0021873423537923493
2017-12-18,0.0025513522172881803
2017-12-19,0.0030509914513052547
2017-12-20,0.0011504366288824634
2017-12-21,-0.0004703622098580066
2017-12-22,-0.00041030291099249214
2017-12-26,-0.003164286569277826
2017-12-27,-0.0007261228413263038
2017-12-28,0.0008621928692033895
2017-12-29,0.0002795212615033326
2018-01-02,-0.0007791152140726248
2018-01-03,0.0016113578788253043
2018-01-04,-0.00011241675966055771
2018-01-05,-0.0036732151752328036
2018-01-08,0.0007639901438642208
2018-01-09,-0.0026448778491230205
2018-01-10,-0.0017029713261073928
2018-01-11,-0.00031083153550310553
2018-01-12,-0.0018414752782177648
2018-01-16,0.001164995210825122
2018-01-17,0.0019925603204322645
2018-01-18,0.0025675914987024033
2018-01-19,0.0021232331795069913
2018-01-22,-0.0031927856944486957
2018-01-23,-0.002898566232653542
2018-01-24,0.00410172364953352
2018-01-25,0.0022837836676774534
2018-01-26,-0.0034210305586802265
2018-01-29,-0.0002950387682996885
2018-01-30,0.001739202434187201
2018-01-31,-0.002895511417304106
2018-02-01,-0.00029265985879153
2018-02-02,0.001095125622067081
2018-02-05,0.0015029323016998006
2018-02-06,0.0035818418841649536
2018-02-07,-0.002656622512925222
2018-02-08,0.002294890871105649
2018-02-09,0.0032185211203089757
2018-02-12,0.0006853032404511789
2018-02-13,0.0003085540740132579
2018-02-14,-0.00229580213096777
2018-02-15,0.0007483578820845478
2018-02-16,0.002506258389194398
2018-02-20,-0.0006903978882795875
2018-02-21,0.00036877955174402597
2018-02-22,0.0027602454540269425
2018-02-23,-0.00227669287503372
2018-02-26,-0.0005760378839623427
2018-02-27,-0.00247535125910615
2018-02-28,-0.003086265606953309
2018-03-01,0.000983562734903445
2018-03-02,-0.003741802513557251
2018-03-05,0.0007605681021435922
2018-03-06,0.0008109074198653433
2018-03-07,-0.00021142585976511696
2018-03-08,0.0015662989130510948
2018-03-09,-0.001030014121524587
2018-03-12,-0.00155425021978674
2018-03-13,-0.00026771967231970834
2018-03-14,-0.0019975204773781045
2018-03-15,-0.0008725898882300207
2018-03-16,0.0016113411093348637
2018-03-19,-0.00050093002019462
2018-03-20,0.0009726128650661777
2018-03-21,0.005867985582126764
2018-03-22,0.002126015955632372
2018-03-23,0.009658232608466566
2018-03-26,-0.005872042893008725
2018-03-27,-0.0011495935786243236
2018-03-28,0.0017275393476322205
2018-03-29,-0.001985724088042284
2018-04-02,0.003418317867167729
2018-04-03,-0.0032375267024403664
2018-04-04,0.001434040386174511
2018-04-05,0.0004573551458717038
2018-04-06,-0.001104215198467047
2018-04-09,-0.001590299880659428
2018-04-10,0.0017763246064485256
2018-04-11,0.0007384870685978289
2018-04-12,-0.002461050779002754
2018-04-13,0.00032104266733217347
2018-04-16,-0.00535471285183031
2018-04-17,0.0012748705654070862
2018-04-18,-0.003138564555951519
2018-04-19,0.006568928444896443
2018-04-20,0.0009780987520233901
2018-04-23,-0.002287024231438554
2018-04-24,0.0023226748500131374
2018-04-25,-0.0021863856835343627
2018-04-26,-0.004790371061347409
2018-04-27,0.0011171864782726663
2018-04-30,0.004064304033169899
2018-05-01,0.004391037971446711
2018-05-02,0.000565351243164116
2018-05-03,0.006646924839927607
2018-05-04,0.0015552631668446888
2018-05-07,0.0012095623589742422
2018-05-08,0.0014124390147167113
2018-05-09,0.00034009283049506287
2018-05-10,0.0008823435190862225
2018-05-11,-0.003664998757992272
2018-05-14,-0.0025546095779357654
2018-05-15,-0.000660065276667276
2018-05-16,-0.0018534021605368784
2018-05-17,0.00046615937514690313
2018-05-18,0.0007101435889444333
2018-05-21,-6.463688137118434e-05
2018-05-22,0.0011864986694280367
2018-05-23,0.002617431624012289
2018-05-24,0.0016752938280021055
2018-05-25,0.0005929669595966263
2018-05-29,0.00035365906117046896
2018-05-30,-0.0018786851786695147
2018-05-31,-0.0032118002888108276
2018-06-01,0.00278614953312574
2018-06-04,-0.0011928961676117616
2018-06-05,-0.0010893896209425537
2018-06-06,0.0017133798693684827
2018-06-07,0.0031479810492446563
2018-06-08,-0.002253002558486376
2018-06-11,-0.0030529641913651924
2018-06-12,-0.001700919091422343
2018-06-13,0.002853014245018323
2018-06-14,-0.0006542724946083476
2018-06-15,-0.0037757044325182954
2018-06-18,0.0003859055118697191
2018-06-19,0.0018004158033295338
2018-06-20,-0.0023466179011686814
2018-06-21,-0.001240409742666859
2018-06-22,0.0033479314800978796
2018-06-25,-0.0013436765550991268
2018-06-26,-0.003929645010227716
2018-06-27,-0.00017467641644131765
2018-06-28,-0.0017250974041347973
2018-06-29,0.0010794032537066681
2018-07-02,-0.0011385481671248219
2018-07-03,0.0012370262803585608
2018-07-05,-0.00039442623725529096
2018-07-06,-0.0026226692870847394
2018-07-09,0.0034780733776337246
2018-07-10,-0.0008645922120495996
2018-07-11,-0.002947592872294568
2018-07-12,3.673631200588369e-06
2018-07-13,0.0006276311519755301
2018-07-16,-0.0025039278952602786
2018-07-17,-0.0026716596626937764
2018-07-18,0.0032686709353113774
2018-07-19,-0.0006174159811351411
2018-07-20,-0.0021401075776014632
2018-07-23,0.002698340828508907
2018-07-24,-0.00284647699262162
2018-07-25,-0.0009980126475040443
2018-07-26,-0.0019577966972536523
2018-07-27,-0.0015992745357299976
2018-07-30,0.003245782300329566
2018-07-31,-0.002624951087054422
2018-08-01,0.00137593683146755
2018-08-02,0.0004881807995497822
2018-08-03,-0.000622200680354693
2018-08-06,0.0009959287629818323
2018-08-07,0.002266838547853184
2018-08-08,0.0037752261594375894
2018-08-09,0.0015233831603994037
2018-08-10,-0.0015455385509589475
2018-08-13,-0.0012274192594431115
2018-08-14,-0.0016000265057861964
2018-08-15,-0.0025419343632661147
2018-08-16,-0.004516495377822533
2018-08-17,-0.0017836405169081007
2018-08-20,0.0018306677922116277
2018-08-21,0.0026529289025836035
2018-08-22,0.0018883154757211385
2018-08-23,-0.0017349352732310315
2018-08-24,0.0001875556764026353
2018-08-27,0.0021224181553163007
2018-08-28,-0.0029189855451620434
2018-08-29,-0.0012173236022024123
2018-08-30,-0.0007670837192046052
2018-08-31,-0.0026681106896551737
2018-09-04,-0.0017298312113649017
2018-09-05,0.0018368787089370466
2018-09-06,-0.0006316426604043393
2018-09-07,-0.0008974056839326221
2018-09-10,7.818927642969044e-05
2018-09-11,-0.0033845068753831924
2018-09-12,-0.00212293895241285
2018-09-13,0.00023030329791328758
2018-09-14,0.00014861723310789597
2018-09-17,0.0012320769442509165
2018-09-18,-0.002461411114753221
2018-09-19,0.0037494148007651213
2018-09-20,-0.000180218737259137
2018-09-21,-0.0006669008910493901
2018-09-24,0.002483142924964486
2018-09-25,0.00120158035988557
2018-09-26,-0.0008806338482318616
2018-09-27,0.0021732625867989844
2018-09-28,-0.00034969707550140563
2018-10-01,0.00157780469598231
2018-10-02,0.001532654299436687
2018-10-03,-0.0006537059256203661
2018-10-04,0.0019635373421795837
2018-10-05,0.00023820983860673578
2018-10-08,0.002099373534886974
2018-10-09,0.0023791490153208233
2018-10-10,-0.0009707797388832321
2018-10-11,0.0001530129497261508
2018-10-12,0.0001899751844493991
2018-10-15,-7.282154276337617e-05
2018-10-16,0.004178446927509192
2018-10-17,0.002679655951892292
2018-10-18,-0.0031332430053520903
2018-10-19,0.004916238600386635
2018-10-22,-0.005703945207576396
2018-10-23,-0.0005661513791524696
2018-10-24,-0.0020723098520648367
2018-10-25,0.00012221975634675597
2018-10-26,-0.0007186695084880951
2018-10-29,-0.001894320648627899
2018-10-30,-0.0035216938289917344
2018-10-31,0.001993363336764872
2018-11-01,0.005346058788989242
2018-11-02,-0.001563600180626166
2018-11-05,-0.0012388325119527975
2018-11-06,0.0014055178733015155
2018-11-07,-0.003078021155014747
2018-11-08,-0.0007080971621484682
2018-11-09,-0.00036266495352553827
2018-11-12,0.004318461475539444
2018-11-13,0.0020146271851552025
2018-11-14,0.00014428516672382687
2018-11-15,-0.0006902222508227081
2018-11-16,-0.000353116090997707
2018-11-19,-0.0010897291120407198
2018-11-20,-0.002438371134827538
2018-11-21,0.0012912521363723068
2018-11-23,0.0005011736691084478
2018-11-26,-0.0008322502015181071
2018-11-27,-0.0004085348077740925
2018-11-28,0.004008133192272164
2018-11-29,0.0039224990226297
2018-11-30,-0.0007984655907051497
2018-12-03,0.000370063361527107
2018-12-04,0.0033274308099850766
2018-12-06,-0.0049293554510096965
2018-12-07,0.0027696288117567236
2018-12-10,0.00213206134573804
2018-12-11,-0.0013194835973334186
2018-12-12,-0.0003152071305019233
2018-12-13,-0.0013673179146067855
2018-12-14,-0.00816102216771929
2018-12-17,0.005654342665058333
2018-12-18,0.0010265928727542161
2018-12-19,0.00036850124615354864
2018-12-20,-0.006093642588454288
2018-12-21,0.0023218713861158217
2018-12-24,2.0768538187842384e-05
2018-12-26,-0.00010252971839090587
2018-12-27,-0.0015997740210072849
2018-12-28,-0.0004993068062950113
2018-12-31,0.0008107764108732403
2019-01-02,0.006171949214390618
2019-01-03,0.0036680592182507022
2019-01-04,0.001400755188098613
2019-01-07,-0.004395383023622372
2019-01-08,0.0027728631002718763
2019-01-09,0.0012125518921530332
2019-01-10,-0.002819794374474446
2019-01-11,0.0009049098619780833
2019-01-14,0.0009646612833676751
2019-01-15,-0.0005363851834269584
2019-01-16,0.0015129040895593758
2019-01-17,-0.0008133446964210012
2019-01-18,-0.0020011274344468744
2019-01-22,0.0012914439940386717
2019-01-23,0.004805093669385979
2019-01-24,-0.00417172184240776
2019-01-25,-8.07157898295591e-05
2019-01-28,-0.002412928229486157
2019-01-29,0.002726309654103836
2019-01-30,6.537450963407473e-05
2019-01-31,-0.0055932493154529994
2019-02-01,0.0031871000158337683
2019-02-04,-0.000762190697020946
2019-02-05,-0.00016219351410607622
2019-02-06,0.0004933028849090752
2019-02-07,0.0002716673891664835
2019-02-08,0.0006457618662793847
2019-02-11,-0.0024075854416419754
2019-02-12,0.004028857932063892
2019-02-13,-0.0009564284883004472
2019-02-14,-0.003809367826904818
2019-02-15,0.001447762048079804
2019-02-19,-0.0032875732040139813
2019-02-20,0.002799372067818772
2019-02-21,0.004430412953813741
2019-02-22,-0.001179583483298257
2019-02-25,0.00027717909407791994
2019-02-26,-0.00020819893093140335
2019-02-27,0.0026194286119472767
2019-02-28,0.00020093356832447682
2019-03-01,-0.003011286449037512
2019-03-04,0.0025927932685274385
2019-03-05,-0.0015034248228520987
2019-03-06,-0.0006032868362879542
2019-03-07,-0.0011514273286324919
2019-03-08,-0.0009771984573694516
2019-03-11,0.00046526838650907867
2019-03-12,-0.005657802964466951
2019-03-13,0.0006632095941171774
2019-03-14,0.0006355875605739794
2019-03-15,-0.001222992333702246
2019-03-18,-0.0008577562888284856
2019-03-19,0.001112565532781148
2019-03-20,8.712320955975858e-05
2019-03-21,-0.0021020669943752385
2019-03-22,-0.0014743523537874559
2019-03-25,0.002514274786180168
2019-03-26,4.778038206334622e-05
2019-03-27,-0.0026796516809651045
2019-03-28,0.00010169921262613612
2019-03-29,0.0017089165965171902
2019-04-01,0.0020132025420740475
2019-04-02,8.87201077842373e-05
2019-04-03,-0.0021947139268176387
2019-04-04,-0.002283953384458896
2019-04-05,0.0001403201730928211
2019-04-08,-0.0017890249262426754
2019-04-09,-0.000585273746191892
2019-04-10,0.0008115037861617618
2019-04-11,0.0015926587740306133
2019-04-12,-0.0008069820607074979
2019-04-15,0.0018166518861532463
2019-04-16,0.0005727475593573295
2019-04-17,-0.0033999841436156302
2019-04-18,0.003715771996480039
2019-04-22,-0.0033052866502657494
2019-04-23,0.0036537383818405194
2019-04-24,0.004339946424572582
2019-04-25,-0.002974773809217063
2019-04-26,0.0010126075929877138
2019-04-29,0.00039050936425002965
2019-04-30,0.0027953705662589288
2019-05-01,0.0017157443616621505
2019-05-02,0.0037535587539488796
2019-05-03,-0.00010785029934896721
2019-05-06,-0.00030006731651267566
2019-05-07,-0.002364598969347742
2019-05-08,-0.004501307674274254
2019-05-09,-0.003881877974254128
2019-05-10,0.0010068396019566874
2019-05-13,0.0007418644110470688
2019-05-14,0.0016651601527897827
2019-05-15,0.000952148169520944
2019-05-16,0.000556779567442818
2019-05-17,0.0002688450697788259
2019-05-20,-0.003158634705395595
2019-05-21,0.0024147775100779667
2019-05-22,0.003924940082174795
2019-05-23,0.005367837681551546
2019-05-24,0.0013198638735250512
2019-05-28,-0.003288564938169314
2019-05-29,0.0010364315187796403
2019-05-30,0.0008442331450639282
2019-05-31,-0.0017064319144287953
2019-06-03,-0.001627704809529121
2019-06-04,0.001515804834909163
2019-06-05,-0.0016973145456400558
2019-06-06,0.0027270528964449983
2019-06-07,0.001817535492484465
2019-06-10,-0.0011977276730322911
2019-06-11,0.0046758172100366795
2019-06-12,-0.0026146154131631905
2019-06-13,0.0023318327784777808
2019-06-14,0.0007694505399631136
2019-06-17,0.002648751123607384
2019-06-18,-0.0012644581018691574
2019-06-19,0.0011699343183987237
2019-06-20,-0.001436103742729386
2019-06-21,-0.00040942231447819283
2019-06-24,0.0014876075634958263
2019-06-25,0.000692404880864047
2019-06-26,-0.004351424925865499
2019-06-27,0.0022092469757341716
2019-06-28,0.0008670393142400458
2019-07-01,0.004588664959988798
2019-07-02,0.0019335492541396456
2019-07-03,-0.00012964641876498316
2019-07-05,0.000729285138445546
2019-07-08,0.00200555786059666
2019-07-09,0.00018517566981177385
2019-07-10,0.002208438801051711
2019-07-11,0.0014078025991190316
2019-07-12,-0.0007219160377671795
2019-07-15,-0.0024668081150024113
2019-07-16,-0.00011370547354204582
2019-07-17,-0.0015540494708890526
2019-07-18,3.2883981238215074e-05
2019-07-19,-0.00017911922038403734
2019-07-22,-0.0020392394609862427
2019-07-23,0.0008062278710813406
2019-07-24,-0.002179676738075388
2019-07-25,0.005605651182392953
2019-07-26,-0.008071631956403832
2019-07-29,-0.003134230504563108
2019-07-30,0.0014796069522551795
2019-07-31,0.002168669454554418
2019-08-01,-2.357482601170408e-05
2019-08-02,0.002178216104717647
2019-08-05,0.003568345462292106
2019-08-06,0.00115686925806552
2019-08-07,-0.003091101823287266
2019-08-08,0.0005112740787725093
2019-08-09,0.002165540342280343
2019-08-12,-0.004799727491034999
2019-08-13,0.0004933879457082661
2019-08-14,-0.0018451296028494087
2019-08-15,-0.0025323064836792163
2019-08-16,0.00032547508258134333
2019-08-19,-0.00214529135226216
2019-08-20,0.0023410125331297642
2019-08-21,-0.001314846045599742
2019-08-22,-0.0012902065862407286
2019-08-23,0.0004729139445379133
2019-08-26,-0.0014298801158437009
2019-08-27,0.0003301593074932427
2019-08-28,-0.0017240007626818377
2019-08-29,0.0017465169673769791
2019-08-30,0.0009099889477387912
2019-09-03,0.0008914453282145218
2019-09-04,0.0005552702370978033
2019-09-05,-0.0009440179965429646
2019-09-06,0.0002598325201888949
2019-09-09,0.003611006597733704
2019-09-10,0.0034750059561921695
2019-09-11,0.0024517964127291803
2019-09-12,-0.002031280378935515
2019-09-13,0.0034437467811994664
2019-09-16,0.00023762594388245884
2019-09-17,-0.0005288001453961189
2019-09-18,-0.0019609997005702005
2019-09-19,-0.0015446469819647098
2019-09-20,-0.0005877367520823932
2019-09-23,0.002231485084854908
2019-09-24,-0.002967165270032408
2019-09-25,0.004861983268552141
2019-09-26,0.00048136210194975733
2019-09-27,-0.0021001920715088213
2019-09-30,-0.00018981060766978217
2019-10-01,0.0017776413523430054
2019-10-02,-2.2193055783893017e-05
2019-10-03,-0.0005425047745059433
2019-10-04,-0.0004361585377119972
2019-10-07,0.0008029371394149994
2019-10-08,0.0013057765961505571
2019-10-09,0.0014849921752560264
2019-10-10,0.001928062547642963
2019-10-11,-0.0021585860081065065
2019-10-14,0.0007101647148758089
2019-10-15,0.00022324328976831755
2019-10-16,0.0014825422864059611
2019-10-17,-0.002493971906551528
2019-10-18,0.0008706030763866747
2019-10-21,-0.0016486945323660926
2019-10-22,0.0015113714210522387
2019-10-23,0.002795400587972918
2019-10-24,0.0011051484484966927
2019-10-25,-0.0007892987000057547
2019-10-28,0.002638608486952936
2019-10-29,-0.0003626578219311713
2019-10-30,-0.0025185326702891015
2019-10-31,0.0008391633790759585
2019-11-01,0.002664006884689254
2019-11-04,0.0012729320078272133
2019-11-05,0.0011217810175518255
2019-11-06,-0.0014346594213729975
2019-11-07,0.00037988631412045877
2019-11-08,-0.003940602313353048
2019-11-11,0.0020721842134097754
2019-11-12,-0.0026321370579370663
2019-11-13,-0.002019018670977356
2019-11-14,-0.0001622737167495577
2019-11-15,-0.002234346465257987
2019-11-18,-0.0018285556071817102
2019-11-19,-0.0013161205569767207
2019-11-20,-0.001463931803924622
2019-11-21,0.001867215662395141
2019-11-22,0.0006649065982934151
2019-11-25,-0.0028218760439118386
2019-11-26,0.0028731743323877467
2019-11-27,0.00039126602994386496
2019-11-29,-0.0015872694907362798
2019-12-02,0.001203260067130848
2019-12-03,0.0007148724520814175
2019-12-04,0.0019585505961723605
2019-12-05,7.343655806743175e-05
2019-12-06,0.0008081449182836717
2019-12-09,-0.0005742737125864033
2019-12-10,0.001938682724079899
2019-12-11,-0.0002501318127438319
2019-12-12,-0.0007077291076436199
2019-12-13,-0.003957055538902698
2019-12-16,0.00019341413395662795
2019-12-17,-0.0007084302545819019
2019-12-18,0.0013371860388699762
2019-12-19,-0.0005742340269598635
2019-12-20,0.0010113179850787047
2019-12-23,-0.0005452199797702945
2019-12-24,-0.0010007808484655523
2019-12-26,0.002746628578002396
2019-12-27,-0.0002022535518756833
2019-12-30,-0.000956963172169755
2019-12-31,0.00021844869473517498
2020-01-02,0.0017555959120956264
2020-01-03,0.0030177253266443424
2020-01-06,-0.0006989903762283113
2020-01-07,0.0008265756696004744
2020-01-08,0.0026553470032447592
2020-01-09,0.00021801612319942844
2020-01-10,0.0005629709423017997
2020-01-13,0.0012288185259785138
2020-01-14,-0.004019974955800224
2020-01-15,-0.000238187595686134
2020-01-16,-0.0006367299331899987
2020-01-17,0.0009897392223983796
2020-01-21,-0.0006005763867404383
2020-01-22,-0.00028139994651608046
2020-01-23,-0.0009392518901527661
2020-01-24,-0.00017852933234891122
2020-01-27,0.002104819394158929
2020-01-28,0.004981299771005679
2020-01-29,0.0038409641632463636
2020-01-30,-0.002357093167604675
2020-01-31,-0.0031712695814955917
2020-02-03,-0.0009557526977671006
2020-02-04,0.00356266151012611
2020-02-05,0.0008691446511525634
2020-02-06,-0.001096839839345858
2020-02-07,0.0009772498438094775
2020-02-10,-0.0015677999061613228
2020-02-11,-0.001749488519036566
2020-02-12,0.001295678116266673
2020-02-13,0.0009415010160526198
2020-02-14,0.0006763799317093264
2020-02-18,-0.002400724317060117
2020-02-19,0.0036780747278699587
2020-02-20,0.0010964041561119953
2020-02-21,-0.0014290108060486925
2020-02-24,0.0006572234450087851
2020-02-25,0.0009344890709867032
2020-02-26,-3.382374618737241e-05
2020-02-27,0.0020248741626721
2020-02-28,0.006802796815262833
2020-03-02,0.00044603512316683666
2020-03-03,-0.001868202955450773
2020-03-04,-0.005176190933527749
2020-03-05,-0.004074388637597629
2020-03-06,-0.00903919653675902
2020-03-09,-0.03277185535060371
2020-03-10,0.011855820967573646
2020-03-11,-0.007744888354398685
2020-03-12,-0.002697930731354301
2020-03-13,0.003747743824467166
2020-03-16,-0.0015237479641262899
2020-03-17,-0.023150644707020877
2020-03-18,-0.017918508188277203
2020-03-19,0.029283153736020147
2020-03-20,0.01734072963744436
2020-03-23,-0.009175772769324879
2020-03-24,0.024586482454767106
2020-03-25,0.03458819452511991
2020-03-26,-0.003041597433463593
2020-03-27,-0.01174314311827316
2020-03-30,-0.009325769458675396
2020-03-31,0.006490182839464065
2020-04-01,-0.015984609131144294
2020-04-02,-0.012801644279972388
2020-04-03,-0.002852509386799644
2020-04-06,0.018561725095470355
2020-04-07,0.013699649477707401
2020-04-08,0.002538050282781624
2020-04-09,0.011609379094628431
2020-04-13,-0.0028349722952769286
2020-04-14,-0.00320785970431501
2020-04-15,0.00042241200933907687
2020-04-16,-0.007672323478398984
2020-04-17,0.004814474939785441
2020-04-20,-0.005294922296569934
2020-04-21,0.007784809326293059
2020-04-22,-0.005547953642291567
2020-04-23,-0.006965227914029905
2020-04-24,-0.004780579672595384
2020-04-27,0.0004817236929176799
2020-04-28,0.008558019167386945
2020-04-29,0.0009513260782166817
2020-04-30,-0.00015998462226761954
2020-05-01,0.0008693076578698876
2020-05-04,-0.0030098935324689483
2020-05-05,0.0011402321846316066
2020-05-06,-0.003257525652473148
2020-05-07,0.001428990572561779
2020-05-08,-0.006884021590827933
2020-05-11,0.0003161762058351736
2020-05-12,0.0029801993693479483
2020-05-13,0.015925863801993383
2020-05-14,-0.005279945723869345
2020-05-15,-0.0029353189307704097
2020-05-18,-0.018980321223171816
2020-05-19,-0.0015607273496665375
2020-05-20,-0.013937113137327279
2020-05-21,-0.0002733315378947807
2020-05-22,0.008326685782707005
2020-05-26,-0.014093555261925487
2020-05-27,-0.004855968453233211
2020-05-28,0.020475394544442332
2020-05-29,0.012134829519647417
2020-06-01,-0.005313260158364733
2020-06-02,-0.006731739639688674
2020-06-03,-0.020120491190411476
2020-06-04,-0.012461811548310966
2020-06-05,-0.014913759385182773
2020-06-08,-0.014676432727552178
2020-06-09,0.012955298215661987
2020-06-10,0.01831769457272802
2020-06-11,0.005960005219615837
2020-06-12,-0.009578306378546534
2020-06-15,-0.0001731664188143391
2020-06-16,0.00162149343279833
2020-06-17,0.005983590814807144
2020-06-18,-0.0013879788906463212
2020-06-19,0.0041745632324354754
2020-06-22,0.0026361133146711457
2020-06-23,-0.0027175899295232586
2020-06-24,-0.0024159003548161074
2020-06-25,-0.002856973578441723
2020-06-26,0.007873340329005652
2020-06-29,0.0003311922409635743
2020-06-30,0.004958086116640432
2020-07-01,0.00825298564180442
2020-07-02,-0.0028055404087178612
2020-07-06,-0.005947478655713847
2020-07-07,0.007036452247448304
2020-07-08,-0.0017171004513794337
2020-07-09,-0.008145459529874792
2020-07-10,-0.00206763127343968
2020-07-13,0.0017180426546940005
2020-07-14,0.007690161386085517
2020-07-15,-0.0004165295019617028
2020-07-16,-0.00016756012028599652
2020-07-17,-0.002139967150693106
2020-07-20,0.0009892533802363461
2020-07-21,0.004163783355050117
2020-07-22,-0.0005369942024444571
2020-07-23,-0.005521904321094401
2020-07-24,-0.002547530030608502
2020-07-27,0.0034194862888345928
2020-07-28,-0.00673952013793156
2020-07-29,0.004291702008321705
2020-07-30,0.0030375797572550016
2020-07-31,0.002198088629367539
2020-08-03,0.002838998886047406
2020-08-04,7.570802360849836e-05
2020-08-05,0.003997820092849841
2020-08-06,0.001479282582577037
2020-08-07,-0.00751820300965023
2020-08-10,0.0031650057011585638
2020-08-11,0.0025638459627829015
2020-08-12,8.360407344168604e-06
2020-08-13,0.0008462171125507319
2020-08-14,-0.0006187660950129217
2020-08-17,-0.003923135223818036
2020-08-18,0.0014795148575791485
2020-08-19,0.0007452394342587875
2020-08-20,0.001990190118363576
2020-08-21,-0.0007806478398742312
2020-08-24,0.0032346716040070798
2020-08-25,-0.003095168490053408
2020-08-26,0.007268801193920624
2020-08-27,-0.0003070498921033689
2020-08-28,0.0022654017479848175
2020-08-31,-0.0001618909745244926
2020-09-01,-0.0045425510966034975
2020-09-02,0.0017977013985235961
2020-09-03,9.623316093810891e-05
2020-09-04,0.0004683642100165306
2020-09-08,-0.006503945930193244
2020-09-09,-0.0003651122639856501
2020-09-10,-0.005026882800538202
2020-09-11,-0.001944220915650041
2020-09-14,-0.005666712495324597
2020-09-15,-0.0011429617874037237
2020-09-16,0.004439792683673765
2020-09-17,0.00042704380837685417
2020-09-18,0.001614564079151315
2020-09-21,0.0006816821060199837
2020-09-22,-0.0009534271405160569
2020-09-23,-0.003963076269327227
2020-09-24,-0.00040597248754561184
2020-09-25,-0.0003913108538670935
2020-09-28,0.003334570124421649
2020-09-29,-0.0006913281784092322
2020-09-30,-0.0016132173680803643
2020-10-01,-0.002624587824671523
2020-10-02,0.00039209101106179786
2020-10-05,0.002615089775631095
2020-10-06,0.0011336213965290902
2020-10-07,4.506019384909837e-05
2020-10-08,0.0015668339586788378
2020-10-09,0.00036371280147973444
2020-10-12,-8.281449533581892e-05
2020-10-13,0.002548672407972582
2020-10-14,-0.001737278136041329
2020-10-15,0.0017104663966593236
2020-10-16,-0.007728195270519354
2020-10-19,-0.002382288919003982
2020-10-20,0.0015475225316633101
2020-10-21,0.0009830077248269792
2020-10-22,-0.002174560664149294
2020-10-23,0.002268459980266655
2020-10-26,-0.0005890705775966907
2020-10-27,-0.0003127791542105428
2020-10-28,-0.006052625840191249
2020-10-29,0.002170907712518846
2020-10-30,0.0012238960355022146
2020-11-02,-0.001840588331556131
2020-11-03,0.0037242119260609396
2020-11-04,0.000705804286669341
2020-11-05,-0.0048811205979425246
2020-11-06,0.0005454585311701259
2020-11-09,0.011210504006267387
2020-11-10,0.004231703454943541
2020-11-11,-0.005768315320081589
2020-11-12,-0.00257971685946638
2020-11-13,-0.0006956569958894248
2020-11-16,-0.002351880468113677
2020-11-17,0.004126858601717699
2020-11-18,0.0023141805316164218
2020-11-19,0.003050377566156036
2020-11-20,5.102114319265191e-05
2020-11-23,-0.0029884991865681745
2020-11-24,-0.0030629135684225083
2020-11-25,0.00030881727657045195
2020-11-27,0.002554360901840332
2020-11-30,0.00516377896369618
2020-12-01,-0.0012767695364765512
2020-12-02,-0.005756636728980295
2020-12-03,-0.0028743661663683186
2020-12-04,-0.004057127497955259
2020-12-07,-0.001201013704698204
2020-12-08,-0.004456355706774184
2020-12-09,0.00139971236097993
2020-12-10,-0.004901081776827774
2020-12-11,0.005129329945262933
2020-12-14,0.002402085457141163
2020-12-15,0.0045906309095188405
2020-12-16,-0.0019702131638229424
2020-12-17,0.0028323239603035284
2020-12-18,-0.0002551462346050352
2020-12-21,0.004118934891117962
2020-12-22,0.002126499398084361
2020-12-23,0.00031230601423645407
2020-12-24,0.0015017244483412299
2020-12-28,0.0013855359312489835
2020-12-29,8.259344625486797e-05
2020-12-30,0.0021981755569723603
2020-12-31,0.0008755013505842182
2021-01-04,0.00018607661247098894
2021-01-05,0.0007756017804426574
2021-01-06,-0.0034526217166907557
2021-01-07,-0.003928617060519
2021-01-08,0.0012690375297088588
2021-01-11,-0.00038350704453739455
2021-01-12,0.0009130572787562497
2021-01-13,0.0015591762945310213
2021-01-14,-0.0035464067901374973
2021-01-15,0.0067769488005594075
2021-01-19,-0.000586118561981719
2021-01-20,0.0005744329747980948
2021-01-21,-0.0008575652908225092
2021-01-22,0.0008808035402134741
2021-01-25,0.0019493435820362704
2021-01-26,0.0029200980977957857
2021-01-27,0.0026948957417777617
2021-01-28,0.002948566097427022
2021-01-29,-0.0012338640529015524
2021-02-01,0.0015877362706297883
2021-02-02,0.0010853005395572895
2021-02-03,-4.573339249229534e-05
2021-02-04,0.0026769843922174203
2021-02-05,0.0007213237973194134
2021-02-08,-0.0013505998286270622
2021-02-09,-0.002050934548328623
2021-02-10,-0.0033027467353723486
2021-02-11,0.0014234591498608184
2021-02-12,4.522370468272721e-05
2021-02-16,-0.00034048977807618554
2021-02-17,0.0005432498223792636
2021-02-18,0.0021492960555512444
2021-02-19,0.0015877018674471592
2021-02-22,-0.0020190699868069505
2021-02-23,-4.52830756523105e-05
2021-02-24,0.004305557270612441
2021-02-25,-0.0023289725366684774
2021-02-26,0.006395139676140881
2021-03-01,0.004590449071071994
2021-03-02,-0.0006592254743639943
2021-03-03,0.0001126813376476311
2021-03-04,-0.0034896693108567023
2021-03-05,-0.003295035545773687
2021-03-08,0.0018477901957637155
2021-03-09,0.003052654137477363
2021-03-10,-0.003085728350737344
2021-03-11,0.0006384121912452437
2021-03-12,-0.0012129907464519005
2021-03-15,0.000862351396897019
2021-03-16,0.0033852123469957683
2021-03-17,0.0002844293430203917
2021-03-18,0.004385626061481233
2021-03-19,-0.0030025565160981733
2021-03-22,-0.0006152323224107096
2021-03-23,0.003757507314595737
2021-03-24,-0.004437688613761432
2021-03-25,-0.002394737602911172
2021-03-26,-0.004456561546867817
2021-03-29,-0.003838565983253362
2021-03-30,0.003166558279065337
2021-03-31,-0.0014770752014093792
2021-04-01,0.002009226368748877
2021-04-05,-0.002916387128872915
2021-04-06,0.003170246596477253
2021-04-07,0.0024964057563732845
2021-04-08,-0.0015312396981767527
2021-04-09,-0.0014554056260249059
2021-04-12,-0.0038274987302440435
2021-04-13,0.0019331088293787471
2021-04-14,0.0007758342582921437
2021-04-15,-0.00039113895580093
2021-04-16,0.0011208179112341796
2021-04-19,-0.0021470384820048215
2021-04-20,-0.0011351210831638606
2021-04-21,0.00018777846769966414
2021-04-22,0.001080862690471672
2021-04-23,-0.0032467657317197533
2021-04-26,-0.0003585652223240032
2021-04-27,0.0014170801745937876
2021-04-28,-0.0005025285211986989
2021-04-29,-0.001855706108767063
2021-04-30,9.723136468064834e-05
2021-05-03,-0.0010547720651281883
2021-05-04,-0.003286972590472095
2021-05-05,0.0015270281524159574
2021-05-06,-0.0015920620257487811
2021-05-07,0.0009514988505309452
2021-05-10,0.0006747369026824992
2021-05-11,0.0012308742557653233
2021-05-12,-0.0014365405310133705
2021-05-13,-0.002256391779351451
2021-05-14,2.6712066738279533e-05
2021-05-17,-0.003338559935484574
2021-05-18,-0.00010111317204999264
2021-05-19,0.0039152236532096875
2021-05-20,0.0012238441466442028
2021-05-21,-0.0002365061615801627
2021-05-24,-0.0004567291772328269
2021-05-25,-6.94301482369443e-05
2021-05-26,-0.0005555748109394628
2021-05-27,0.0014513060545858652
2021-05-28,0.00027834706956557224
2021-06-01,-0.0019245068374616199
2021-06-02,-0.005343509236496742
2021-06-03,-0.0016749580120808817
2021-06-04,0.0007231867751676608
2021-06-07,-0.0021332603639237337
2021-06-08,0.0010372324482660752
2021-06-09,-0.0013110924654540146
2021-06-10,-0.001368816591602557
2021-06-11,0.0006249898276671586
2021-06-14,-0.0004626084628671235
2021-06-15,0.0021385350766020043
2021-06-16,0.00026792308377144723
2021-06-17,0.00041022872859789914
2021-06-18,0.0063329920057323165
2021-06-21,-0.004698101176698374
2021-06-22,0.0018868664147447909
2021-06-23,-2.6205824011651512e-05
2021-06-24,0.00010898445684384521
2021-06-25,-0.00028368713159237905
2021-06-28,0.007641472499620787
2021-06-29,-0.002956365265322874
2021-06-30,0.0012291166968914189
2021-07-01,-0.0017708723381898886
2021-07-02,0.0007187428322239452
2021-07-06,0.0036943099391116676
2021-07-07,-0.0014625994768221128
2021-07-08,-0.0004241921351227154
2021-07-09,0.0023557573382841967
2021-07-12,0.0006473003481079112
2021-07-13,-4.145096925311148e-05
2021-07-14,-0.0023870223580890267
2021-07-15,0.0007482159346584576
2021-07-16,-0.0008778314892250822
2021-07-19,0.00290320102449704
2021-07-20,-0.00031854702951626093
2021-07-21,0.0008073445639606707
2021-07-22,-0.00098127740192039
2021-07-23,0.0019316906906366527
2021-07-26,0.0010411519223333897
2021-07-27,-0.000822335033065634
2021-07-28,-0.0003327565484031717
2021-07-29,-0.00018668134549591775
2021-07-30,-0.0008641921455311027
2021-08-02,0.0017986664145443368
2021-08-03,0.00017889618867840558
2021-08-04,-0.004408873697414753
2021-08-05,0.0006200799169392588
2021-08-06,0.00049468705878902
2021-08-09,-0.004515224043198371
2021-08-10,0.0018534602992545867
2021-08-11,0.0003374224056535293
2021-08-12,-0.0022900854164889482
2021-08-13,-0.0005154137992901584
2021-08-16,-0.0007796269386002449
2021-08-17,-0.0015879994718582713
2021-08-18,0.0035204440437158753
2021-08-19,0.0019172389514053867
2021-08-20,-0.0005610052722747383
2021-08-23,0.0003811005042235827
2021-08-24,-0.0009985915420811717
2021-08-25,-0.003478374067843481
2021-08-26,2.8579639204907034e-05
2021-08-27,0.0011333687392226304
2021-08-30,0.0035013444952515576
2021-08-31,-0.002650810848114744
2021-09-01,-0.0053149719922111665
2021-09-02,0.0025834145161637073
2021-09-03,-0.0017243889409659392
2021-09-07,-0.0014109197918211165
2021-09-08,0.0009242509043118071
2021-09-09,0.000983523901903068
2021-09-10,0.0025670275700540577
2021-09-13,-0.0038845966662973018
2021-09-14,0.0002975945420578487
2021-09-15,-0.002594799910368037
2021-09-16,-0.000568635202489983
2021-09-17,-0.00038148003266442
2021-09-20,0.002207811641825632
2021-09-21,-0.002729952552595589
2021-09-22,-0.0009259085652699539
2021-09-23,-0.0001644201001085293
2021-09-24,0.0013557340880450673
2021-09-27,0.002658353716088019
2021-09-28,0.0020720925009764185
2021-09-29,0.001860639236582751
2021-09-30,-0.00037242233186797767
2021-10-01,-0.003303541158096702
2021-10-04,-0.0026382190741169867
2021-10-05,0.005760299793255139
2021-10-06,-0.0005492769077157172
2021-10-07,0.0011118168667623171
2021-10-08,-0.0010364146319301367
2021-10-11,-0.0006315838151472556
2021-10-12,0.001541088411674627
2021-10-13,0.0032956728836577662
2021-10-14,-0.0016789224001523314
2021-10-15,0.0005948178286052531
2021-10-18,-0.006065048074507965
2021-10-19,0.0016736611044533625
2021-10-20,-0.0020001759940128927
2021-10-21,-0.0037271644727632524
2021-10-22,-0.003548073492333482
2021-10-25,-0.0008784493611057717
2021-10-26,0.000156726736228141
2021-10-27,0.00020775290449025945
2021-10-28,0.0009641050170468312
2021-10-29,-0.0019003654121426189
2021-11-01,0.006786815983517114
2021-11-02,8.929751548462152e-05
2021-11-03,0.0010369819414995061
2021-11-04,-0.00733145777850624
2021-11-05,0.001016724804889596
2021-11-08,0.0026112740506939944
2021-11-09,-0.0037541565322742
2021-11-10,0.0038705831596937707
2021-11-11,-0.006483391144419097
2021-11-12,0.00024038150179824647
2021-11-15,-0.000640640991814586
2021-11-16,-0.0025621224255012506
2021-11-17,-0.001790052325015998
2021-11-18,0.00041334061470355677
2021-11-19,0.001693641761913672
2021-11-22,-0.0036008802502816
2021-11-23,-0.001896865417528597
2021-11-24,0.0032621604397931755
2021-11-26,-0.0036762494216906827
2021-11-29,0.0055709158363975945
2021-11-30,-0.0006637057983336558
2021-12-01,-0.0010236266007151494
2021-12-02,0.0009424717195764311
2021-12-03,-0.0009404599819612842
2021-12-06,0.0024377105212977806
2021-12-07,-0.004700856703385653
2021-12-08,0.002375982820557455
2021-12-09,-0.0019063429976140735
2021-12-10,0.003442872737358915
2021-12-13,-0.0012426571416403586
2021-12-14,-0.0021931224952357
2021-12-15,-0.00454836489983805
2021-12-16,-0.0016486743102018483
2021-12-17,0.002954025541656022
2021-12-20,-0.0012604236854302994
2021-12-21,0.000362669627856295
2021-12-22,-0.0028179865756344418
2021-12-23,0.00030655462544089786
2021-12-27,0.0015136484088352495
2021-12-28,-0.00037412109726462766
2021-12-29,0.00044116113793834046
2021-12-30,0.0011209080195771239
2021-12-31,0.00023610662441761996
2022-01-03,-0.0024385710121770433
2022-01-04,0.0025378876536730458
2022-01-05,-0.003394326223720023
2022-01-06,0.0018721028795779804
2022-01-07,5.256881796089283e-05
2022-01-10,-0.004579236390563928
2022-01-11,0.0002814954818545555
2022-01-12,0.0005652700946563939
2022-01-13,0.0011048574310447618
2022-01-14,-0.006345242153502026
2022-01-18,-0.0020456174286149756
2022-01-19,0.0062261047271074885
2022-01-20,0.002060663997673652
2022-01-21,-0.004734748171339388
2022-01-24,-0.0020291298827369167
2022-01-25,-0.0033425137102705746
2022-01-26,-0.003838284730047787
2022-01-27,-0.00021523400707192434
2022-01-28,0.004274318712075105
2022-01-31,0.0037424057785446926
2022-02-01,0.002149395855621126
2022-02-02,-0.00049079206133683
2022-02-03,-0.0028150176272112395
2022-02-04,0.003471540655637849
2022-02-07,0.000558963243339738
2022-02-08,0.006420897019195061
2022-02-09,0.0020563846229054977
2022-02-10,-0.0020377395616974323
2022-02-11,-0.003639607137157031
2022-02-14,-0.0009093785557335005
2022-02-15,-0.0003388681497913967
2022-02-16,-0.002854301996770598
2022-02-17,-0.006223946235409712
2022-02-18,0.0038828582471603524
2022-02-22,-0.003957237987091151
2022-02-23,-0.0023690423469859673
2022-02-24,0.001297824360837281
2022-02-25,0.0017331907597466652
2022-02-28,-0.003613126853328381
2022-03-01,-0.006642456157035145
2022-03-02,0.005181019134541685
2022-03-03,3.321333341926077e-05
2022-03-04,5.094515825138936e-05
2022-03-07,-0.0029532966521758613
2022-03-08,0.004074520840175364
2022-03-09,-0.000996986689848173
2022-03-10,-0.0032133670306801303
2022-03-11,3.708753832703474e-05
2022-03-14,0.001674125835637552
2022-03-15,0.0038040525494848778
2022-03-16,0.0031585842474466247
2022-03-17,-0.001140092655006596
2022-03-18,0.001403521671858298
2022-03-21,0.0042780288211576355
2022-03-22,0.0022513943345346585
2022-03-23,0.00039336956909695995
2022-03-24,0.0019977827156734676
2022-03-25,0.0009927009881797967
2022-03-28,-0.0028538859093661093
2022-03-29,0.004155065844265235
2022-03-30,-0.005204368270404443
2022-03-31,-0.0002655353375402975
2022-04-01,-9.18658807115601e-05
2022-04-04,0.0035213451530870313
2022-04-05,-0.0026522501706799807
2022-04-06,-0.00026814732950381116
2022-04-07,-0.001004628410687447
2022-04-08,0.0066074505912549365
2022-04-11,0.004099146873520846
2022-04-12,0.0007186599850991187
2022-04-13,-0.000312821070730439
2022-04-14,-0.0013335133856457824
2022-04-18,0.003882391838464097
2022-04-19,-0.0017706567262970314
2022-04-20,-0.0016126790452888253
2022-04-21,-0.005943917667052552
2022-04-22,0.002785199216878585
2022-04-25,0.003187585422431454
2022-04-26,0.001406793085897133
2022-04-27,0.0007831847186255605
2022-04-28,-0.007266521669702747
2022-04-29,0.0001459729820881238
2022-05-02,0.0002721697948804892
2022-05-03,0.002250279155368049
2022-05-04,0.0026463821522889836
2022-05-05,-0.0010890281280470128
2022-05-06,-0.0031091752008533743
2022-05-09,-0.0007180422838810345
2022-05-10,0.00483079824000707
2022-05-11,-4.246239191535298e-06
2022-05-12,-0.0030965069640361475
2022-05-13,0.002163770273403686
2022-05-16,-0.005222620746674282
2022-05-17,-0.006017066273446509
2022-05-18,-0.0030163960187284088
2022-05-19,-0.0005808158092906923
2022-05-20,0.004439338853583496
2022-05-23,-0.007818336369504696
2022-05-24,-0.00028668432870638855
2022-05-25,-0.0006595321959130252
2022-05-26,0.0010837255926332665
2022-05-27,0.0033153855697862448
2022-05-31,0.0022732696098276338
2022-06-01,0.0007538679748322093
2022-06-02,0.008205335223334928
2022-06-03,-0.003627796779765322
2022-06-06,0.0029733578343469945
2022-06-07,-0.0015342076530054012
2022-06-08,-0.0015188336890567698
2022-06-09,-0.0018006673167332548
2022-06-10,0.004161936996180189
2022-06-13,-0.0015386101465965567
2022-06-14,0.002019037629432124
2022-06-15,0.0032096330909496965
2022-06-16,0.004774811637071896
2022-06-17,0.004758059205383657
2022-06-21,-0.0030119541693952026
2022-06-22,-0.0035858957932032474
2022-06-23,-0.0022720755217144526
2022-06-24,0.0017008142956349156
2022-06-27,0.002119291730085167
2022-06-28,0.003216521908128995
2022-06-29,-0.004369749359246711
2022-06-30,0.0020491987823574396
2022-07-01,-0.0037821049706025884
2022-07-05,-0.008882959282263658
2022-07-06,-0.0009335111167238665
2022-07-07,0.003633909995155283
2022-07-08,0.0002301911511864524
2022-07-11,0.0009705765569348397
2022-07-12,0.006840374101924505
2022-07-13,-0.0007905977693687608
2022-07-14,-0.004272992936081195
2022-07-15,0.0052956720114359064
2022-07-18,0.0032667504411102825
2022-07-19,-2.2682843464658358e-05
2022-07-20,-0.004144629862259086
2022-07-21,-0.0071355339449684415
2022-07-22,0.000415179736958933
2022-07-25,0.008802760071927795
2022-07-26,0.007706371571640455
2022-07-27,-0.0038890338569381793
2022-07-28,0.002117652896737517
2022-07-29,0.00559080293639109
2022-08-01,-0.0038140221412563077
2022-08-02,0.0014254702047459204
2022-08-03,-0.0015768963732379748
2022-08-04,0.0005360157601853233
2022-08-05,0.0015182871076886541
2022-08-08,-0.0016128211787216037
2022-08-09,-0.0025415247869856805
2022-08-10,-0.00030412086632671887
2022-08-11,-0.003453606097141392
2022-08-12,-8.978301364348995e-05
2022-08-15,0.00021048399778639943
2022-08-16,-0.001456452887444437
2022-08-17,0.0014072945438474045
2022-08-18,0.0007991361637098037
2022-08-19,-0.0004991021018851747
2022-08-22,0.0012107436602849667
2022-08-23,0.0021307411220489627
2022-08-24,0.000900988371477515
2022-08-25,0.00031745244985137725
2022-08-26,0.002692478265382886
2022-08-29,-0.001266349698008598
2022-08-30,0.0055451852367673785
2022-08-31,0.002744793946070235
2022-09-01,-0.001410108768362249
2022-09-02,-0.0012725665982837773
2022-09-06,0.004002509001381332
2022-09-07,-0.003661710623865965
2022-09-08,0.0014542407123932736
2022-09-09,-0.0018896175710431018
2022-09-12,-0.00214872383764663
2022-09-13,0.0013448452613562785
2022-09-14,-0.004580827832996135
2022-09-15,0.0057994361914364394
2022-09-16,0.0006261823099499974
2022-09-19,-0.003261148247523849
2022-09-20,0.004766658732557368
2022-09-21,0.001993280148739478
2022-09-22,0.0007776153822623983
2022-09-23,-0.0003472618088604494
2022-09-26,-0.0012190171814806085
2022-09-27,0.0008467611461871462
2022-09-28,-0.005236128392845253
2022-09-29,-0.0039504227645446935
2022-09-30,0.003775406973598668
2022-10-03,0.0012911670545391178
2022-10-04,-0.0004584973667852484
2022-10-05,-0.002162199935916471
2022-10-06,-0.0004704092390126622
2022-10-07,-0.0015438005579675091
2022-10-10,-0.001991986605888966
2022-10-11,-0.003025428176866926
2022-10-12,-0.0030326086686853315
2022-10-13,0.002476446097761366
2022-10-14,-0.001379941034223368
2022-10-17,0.0020653332187524015
2022-10-18,0.001020531560291162
2022-10-19,0.004417150489484708
2022-10-20,-0.003931034993112254
2022-10-21,-0.0026724768330984756
2022-10-24,-0.003121322647662755
2022-10-25,0.004173343212491505
2022-10-26,-0.006434543707653354
2022-10-27,-0.006313371771595067
2022-10-28,-0.0007815062111495756
2022-10-31,-0.0006616450198002458
2022-11-01,-0.008727809477554303
2022-11-02,-0.002880093406159661
2022-11-03,-0.0053272222666920915
2022-11-04,-0.0009362401663959223
2022-11-07,0.00011801996168934667
2022-11-08,-0.003971631418298027
2022-11-09,-0.009313365910279696
2022-11-10,0.007755967855431244
2022-11-11,0.008279867590848606
2022-11-14,-0.007067719969362323
2022-11-15,0.00606287461848806
2022-11-16,-0.0004452857450227494
2022-11-17,-0.004064588400261851
2022-11-18,-0.000549510633340396
2022-11-21,0.0018252019595032603
2022-11-22,-0.005683228983717961
2022-11-23,0.0011935515525996509
2022-11-25,-0.001421126535400742
2022-11-28,-0.0005727508620842393
2022-11-29,-0.0025404437985950597
2022-11-30,0.0025154108402806875
2022-12-01,0.0012887749911090348
2022-12-02,-0.0038607938865587435
2022-12-05,0.00011484737384795558
2022-12-06,-0.0018425512622008023
2022-12-07,-0.001585962472990759
2022-12-08,-0.00479804871936579
2022-12-09,2.7892698531681998e-05
2022-12-12,-0.0037656328303412243
2022-12-13,-0.0014212136287671266
2022-12-14,-0.002151181141390616
2022-12-15,-0.0020500562811782883
2022-12-16,0.0016993168695717278
2022-12-19,0.0025308499012369665
2022-12-20,0.003016465091577345
2022-12-21,-0.004334593332112909
2022-12-22,-0.0034934354768316874
2022-12-23,0.0017609381584684312
2022-12-27,-0.0010840026499243384
2022-12-28,-0.00031171679455795103
2022-12-29,-6.302424926230195e-05
2022-12-30,0.0036398659736669326
2023-01-03,-0.0021444264834268
2023-01-04,0.0009343339064388444
2023-01-05,0.00495171639104912
2023-01-06,0.002640787296064496
2023-01-09,0.0025858275693554176
2023-01-10,-0.002060145530976615
2023-01-11,0.0037719205013851008
2023-01-12,-0.0008855670146841804
2023-01-13,0.002060201637852384
2023-01-17,0.004397581242339731
2023-01-18,0.0005204163701590704
2023-01-19,-0.002059491994700826
2023-01-20,0.0018590062235000128
2023-01-23,0.0017645290952172641
2023-01-24,0.0013622775300390362
2023-01-25,-0.0063566798008206265
2023-01-26,-0.0028495682109760936
2023-01-27,-1.6077471526152517e-05
2023-01-30,0.0004509292896109781
2023-01-31,0.002136317335462052
2023-02-01,-0.003611182608569351
2023-02-02,0.0004378923175070741
2023-02-03,-0.003288490372285675
2023-02-06,-0.001018991355095073
2023-02-07,0.00026476813331177706
2023-02-08,-0.0005435024574973666
2023-02-09,-0.0012700265253557288
2023-02-10,0.0036953743886396807
2023-02-13,2.2168223347173582e-05
2023-02-14,-0.0018612294370535928
2023-02-15,-0.0024252156868524596
2023-02-16,0.0010364429487606057
2023-02-17,0.00025442312269920793
2023-02-21,-0.0004398536774467953
2023-02-22,-0.002092733548147268
2023-02-23,0.0018245310104595203
2023-02-24,-0.0066216861769477576
2023-02-27,0.004978924130851165
2023-02-28,-0.0008442564512687019
2023-03-01,-0.0008925289347228415
2023-03-02,0.0017430308177095854
2023-03-03,-0.0001546596072695976
2023-03-06,-0.00022462948158698075
2023-03-07,-0.0009916237753538246
2023-03-08,-0.0004340460842506352
2023-03-09,-0.00013020433349989293
2023-03-10,0.00043006868454161337
2023-03-13,0.004253552623862153
2023-03-14,-0.005602711411092519
2023-03-15,0.0009798473831518816
2023-03-16,-0.0007935360736905149
2023-03-17,0.0007377165376289893
2023-03-20,0.0031626735122962536
2023-03-21,0.0035743959814971017
2023-03-22,-0.005222025497363486
2023-03-23,-0.005691072076683833
2023-03-24,0.004204706567453928
2023-03-27,0.0007558318502401634
2023-03-28,0.00276427410483282
2023-03-29,0.0028414152398689814
2023-03-30,0.0023861976841342203
2023-03-31,0.0016356170168356568
2023-04-03,-0.0024221896690239724
2023-04-04,-0.000548273788868825
2023-04-05,-0.003265515623946886
2023-04-06,0.000729203142318158
2023-04-10,0.0031731995405250724
2023-04-11,0.002656103831357836
2023-04-12,0.002142467994447673
2023-04-13,-0.0016236337780042279
2023-04-14,-0.004173057020753921
2023-04-17,0.00603194850844595
2023-04-18,0.0031766220592418623
2023-04-19,0.0034925190956805277
2023-04-20,0.00027232718877720166
2023-04-21,0.0008703986008838113
2023-04-24,8.851133384226242e-05
2023-04-25,-0.00045967265870942506
2023-04-26,0.004709700512034708
2023-04-27,-0.0017178234594986263
2023-04-28,0.0035406755359670998
2023-05-01,-0.00018836342609054998
2023-05-02,-0.0038991188003995453
2023-05-03,0.0029397056879009935
2023-05-04,0.002632845005158863
2023-05-05,0.0015861321331363412
2023-05-08,-0.0034173302499029457
2023-05-09,0.0033235408631195496
2023-05-10,-0.00042842869388743385
2023-05-11,-0.0019806324975263816
2023-05-12,0.003031488665989115
2023-05-15,0.001504519384490048
2023-05-16,-0.0030546001552928612
2023-05-17,-0.0004231526453574916
2023-05-18,-0.0005393168442149444
2023-05-19,-0.0006703418449823265
2023-05-22,-0.0031685957279088735
2023-05-23,0.001615832281018275
2023-05-24,0.00011848615854175129
2023-05-25,-0.0007523951884788369
2023-05-26,0.0008949832239159242
2023-05-30,-0.0018663275219142034
2023-05-31,-0.00119808638321867
2023-06-01,0.00535192729249743
2023-06-02,0.0027303531807219427
2023-06-05,-0.004358292379361694
2023-06-06,0.0004060173573440021
2023-06-07,0.004201432724557487
2023-06-08,-0.0042635628940914175
2023-06-09,-0.0015724534899424852
2023-06-12,0.00016835839665651467
2023-06-13,0.0003584490776752733
2023-06-14,0.00666759182879471
2023-06-15,0.001367784644304888
2023-06-16,0.003911950896761272
2023-06-20,-0.0033492524570067268
2023-06-21,0.00038998193278978093
2023-06-22,-0.0011626500669253152
2023-06-23,-0.001475755808382756
2023-06-26,0.0031252893403667797
2023-06-27,0.003644794779809966
2023-06-28,0.0042027428850977535
2023-06-29,0.0003767841901171576
2023-06-30,0.0003536221921459576
2023-07-03,0.0005468736851011015
2023-07-05,0.0026019434776235893
2023-07-06,-0.005134330715634301
2023-07-07,-0.0025143881134706125
2023-07-10,-0.004549557628266136
2023-07-11,0.0018739405648800786
2023-07-12,0.0021440443116661793
2023-07-13,0.00245677585529316
2023-07-14,-0.0018296323430766143
2023-07-17,0.001104885994624976
2023-07-18,0.003191557047465264
2023-07-19,7.797214701151791e-05
2023-07-20,0.0030591259746696707
2023-07-21,-0.00019643771560093554
2023-07-24,0.00022966814399997615
2023-07-25,0.004247799836756181
2023-07-26,0.005776483742306777
2023-07-27,0.00045558244281306275
2023-07-28,-0.001659935329111001
2023-07-31,0.0021139664434486716
2023-08-01,0.0019698152665607914
2023-08-02,-0.0008499936622856061
2023-08-03,-0.0005517722230821663
2023-08-04,-0.0020379177648658037
2023-08-07,0.001263047007418048
2023-08-08,-0.004739707899454347
2023-08-09,0.002466377143727402
2023-08-10,-0.0011001860073875304
2023-08-11,0.0031196261922771754
2023-08-14,0.0025226671348222546
2023-08-15,-0.0018382371145372822
2023-08-16,0.0009876679837360625
2023-08-17,0.003856771887566089
2023-08-18,0.0023937329415233567
2023-08-21,0.0027410044217019477
2023-08-22,0.0002006902437252764
2023-08-23,0.0019532971783303077
2023-08-24,0.0001865487115922036
2023-08-25,0.0004313257710050729
2023-08-28,-0.0014820625120572591
2023-08-29,0.0005678134379029356
2023-08-30,0.0014506738470754653
2023-08-31,0.00011210970721492117
2023-09-01,-0.0004677006571504019
2023-09-05,0.001406683569620485
2023-09-06,0.0004776653714715213
2023-09-07,-0.0018021336430998288
2023-09-08,-0.0019924930369264286
2023-09-11,0.0018726937660040396
2023-09-12,-0.0001824414325824696
2023-09-13,0.0032471768892423777
2023-09-14,0.000414417675802434
2023-09-15,0.002313580028058016
2023-09-18,-0.0015006388315815496
2023-09-19,0.001080070745423614
2023-09-20,0.0033363859292924124
2023-09-21,-0.0037004502718157857
2023-09-22,0.0019094203246894468
2023-09-25,-0.0008448483452626453
2023-09-26,-0.0003011040835718417
2023-09-27,-0.004551613099221387
2023-09-28,0.0008821657785104206
2023-09-29,-2.5133085015012924e-05
2023-10-02,-0.0038679668575868223
2023-10-03,-0.004049738691686316
2023-10-04,-0.0014033751097782827
2023-10-05,0.002971121161602656
2023-10-06,0.004970508442167289
2023-10-09,0.0014039394949454916
2023-10-10,0.0007128232767695097
2023-10-11,-0.0031994185539113307
2023-10-12,-0.001244647232456666
2023-10-13,-0.001106091164685576
2023-10-16,0.003098652446996006
2023-10-17,0.0024746956502758157
2023-10-18,-0.00505574866271165
2023-10-19,-0.0014884626251717432
2023-10-20,0.002936464528355466
2023-10-23,0.0012224426644591444
2023-10-24,0.005176734704355899
2023-10-25,-0.0010569341010833624
2023-10-26,-0.00362392926399565
2023-10-27,-0.0029670356678915565
2023-10-30,-0.001023736986522133
2023-10-31,-0.0007529342631169074
2023-11-01,-0.002189443742733193
2023-11-02,0.00164192208719742
2023-11-03,0.0024225148448093203
2023-11-06,0.001497404781115839
2023-11-07,-0.006078920002893323
2023-11-08,0.0015527831737319397
2023-11-09,-0.00183896310944775
2023-11-10,-0.00017157080108379014
2023-11-13,-0.0008881063757877111
2023-11-14,-0.0003817312619030389
2023-11-15,0.0006969872195591485
2023-11-16,-0.00765656525025626
2023-11-17,0.0010951904899571087
2023-11-20,-0.0039873249106522415
2023-11-21,0.0023261846549271895
2023-11-22,-0.001821020571509003
2023-11-24,-0.0005622569098883519
2023-11-27,0.00041735309876820897
2023-11-28,-0.0012218366636102943
2023-11-29,-0.0029301584727693276
2023-11-30,-0.0016753069451748727
2023-12-01,0.000888604095211337
2023-12-04,-0.0019454892769954907
2023-12-05,0.0008166841053124383
2023-12-06,0.001640945586196271
2023-12-07,0.0009092953079491187
2023-12-08,0.000634521631771926
2023-12-11,-0.0035478259393505627
2023-12-12,-0.005861432806207894
2023-12-13,-0.0031374481313575474
2023-12-14,-0.006535836603825637
2023-12-15,-0.001379316700321994
2023-12-18,0.0010240931245697811
2023-12-19,0.003945930043911573
2023-12-20,-0.0019398260249413725
2023-12-21,0.001661945037613648
2023-12-22,-0.0004912126110243333
2023-12-26,-0.0015118482624646458
2023-12-27,-0.0008902183715895104
2023-12-28,0.0013681468546489705
2023-12-29,-0.00025668629834483484
2024-01-02,0.005143418318527035
2024-01-03,0.00512853102465379
2024-01-04,-0.0027152968918248647
2024-01-05,0.002709415857503463
2024-01-08,-0.0028057272262304858
2024-01-09,-0.0021170165107138967
2024-01-10,0.0010228036490767794
2024-01-11,-0.0024507378651683334
2024-01-12,0.004420364824543865
2024-01-16,0.00026266982451695226
2024-01-17,-5.8981589308438036e-05
2024-01-18,-0.0007094249578064517
2024-01-19,0.0006361073862641792
2024-01-22,0.0005746988392994277
2024-01-23,0.001058243595200675
2024-01-24,0.008790261453627284
2024-01-25,-0.0008365273734699807
2024-01-26,0.0033678533282838086
2024-01-29,0.00024376910014522102
2024-01-30,0.002693791841013543
2024-01-31,0.0020857526954301546
2024-02-01,-0.00598284475259918
2024-02-02,-0.0013878795952310878
2024-02-05,-0.005541829154497168
2024-02-06,0.002301675686980556
2024-02-07,0.007159785074839135
2024-02-08,0.0030106195951826397
2024-02-09,0.0011833024334608742
2024-02-12,4.6782581705479454e-05
2024-02-13,-0.0020218722754933413
2024-02-14,-0.0015033370031391075
2024-02-15,0.004140715496091052
2024-02-16,-0.0038557000499419253
2024-02-20,0.00272926827905116
2024-02-21,-0.0009984325243000015
2024-02-22,-0.0029849083490733046
2024-02-23,0.00018701044086863938
2024-02-26,-0.0010033792072828632
2024-02-27,-0.0027412012940327603
2024-02-28,-0.0009198044646853002
2024-02-29,0.0021669505182236176
2024-03-01,0.0011903192769516133
2024-03-04,0.0001871475733122292
2024-03-05,-0.001361625269248083
2024-03-06,-0.0009314712456118915
2024-03-07,-0.0027603070145500817
2024-03-08,0.0005573315334573038
2024-03-11,0.0009181025817790664
2024-03-12,-0.0060130589250589565
2024-03-13,0.0005856398267426236
2024-03-14,2.701696729717892e-05
2024-03-15,-0.003427145719719864
2024-03-18,0.001442009601903811
2024-03-19,0.001219399226353267
2024-03-20,0.0029999224120586918
2024-03-21,0.001523827639755677
2024-03-22,0.001067026615216128
2024-03-25,0.00212719047115793
2024-03-26,0.00217605443144936
2024-03-27,0.0032435993545580862
2024-03-28,0.0014632907734357038
2024-04-01,-0.0023668979873363747
2024-04-02,-0.00042811514170667934
2024-04-03,-0.0030730755551853614
2024-04-04,-0.0027427304011431335
2024-04-05,-0.0028439905533833004
2024-04-08,-0.0006593683382024077
2024-04-09,0.001630097968708769
2024-04-10,-0.0026746828373735137
2024-04-11,-0.0010179258712394012
2024-04-12,-0.00036504498111786547
2024-04-15,0.00026472426712153315
2024-04-16,0.0008115064942014701
2024-04-17,0.000745898127568735
2024-04-18,0.0012231549868664715
2024-04-19,0.005801833589884699
2024-04-22,-0.0004573396586130215
2024-04-23,-0.002933543739576952
2024-04-24,-0.004013460992813966
2024-04-25,-0.002547352608580319
2024-04-26,-0.003391907376968754
2024-04-29,-0.0002657343676981705
2024-04-30,-0.003874777907147724
2024-05-01,-0.0039970138960356205
2024-05-02,-0.001323669333153454
2024-05-03,-0.004222324941072294
2024-05-06,-0.0002974380016660641
2024-05-07,-0.003914038708154585
2024-05-08,-0.001640562756604395
2024-05-09,-0.0009421450979824585
2024-05-10,-0.0007388678066044638
2024-05-13,0.00015271876752322123
2024-05-14,-0.0018726930150377197
2024-05-15,-0.001543118346984242
2024-05-16,0.0011706340414867063
2024-05-17,0.0016966192637107142
2024-05-20,-0.0017192405629415665
2024-05-21,-0.0037364942069246848
2024-05-22,-0.0008049384599169806
2024-05-23,0.004480228497418678
2024-05-24,-0.0027765777903727418
2024-05-28,-0.0014164777389752883
2024-05-29,0.002583347340235146
2024-05-30,-0.0008737156432161122
2024-05-31,0.005174969558910167
2024-06-03,-0.0028743233445826678
2024-06-04,0.0015237556254435484
2024-06-05,0.003181252014625645
2024-06-06,0.001987948577358
2024-06-07,-0.0017337831007356434
2024-06-10,0.0012407051005864224
2024-06-11,-0.0008746064700360114
2024-06-12,0.0008185808236829354
2024-06-13,-0.004469864542033969
2024-06-14,0.0011842985024362069
2024-06-17,0.0008518498497721243
2024-06-18,0.00011505321258053949
2024-06-20,-0.000672854785095964
2024-06-21,-0.002601189901943056
2024-06-24,0.0013527912282738398
2024-06-25,0.0018839475127982734
2024-06-26,0.0013844762450357345
2024-06-27,-0.004082653012572156
2024-06-28,-0.0030335792386845277
2024-07-01,0.0008755980160415175
2024-07-02,0.0005871787199281569
2024-07-03,2.038248136792582e-05
2024-07-05,-0.0014965055152220002
2024-07-08,-0.002477981147291885
2024-07-09,0.0025906510365251703
2024-07-10,-0.00095008633392191
2024-07-11,-0.0008589941138756312
2024-07-12,-0.0025997269214061147
2024-07-15,0.0006658163607530977
2024-07-16,0.000615641358269199
2024-07-17,-0.0024408486144426988
2024-07-18,0.003259860654689691
2024-07-19,0.0018649627594272695
2024-07-22,0.0013212038964437978
2024-07-23,0.0014248796881888657
2024-07-24,0.0078057397137873945
2024-07-25,-7.135276928727256e-05
2024-07-26,0.003189691074177603
2024-07-29,0.0007863825242595648
2024-07-30,-0.001397983584022653
2024-07-31,0.0015881360668671064
2024-08-01,-0.0011885702277161163
2024-08-02,-0.0006548868295349871
2024-08-05,-0.003579114485257148
2024-08-06,0.0009590095276354437
2024-08-07,-0.0013013674694454043
2024-08-08,0.0015381868977921039
2024-08-09,0.0012390397216906109
2024-08-12,-0.0008792602785313127
2024-08-13,0.00864465336041897
2024-08-14,-0.00355074824899695
2024-08-15,0.0027445872419672853
2024-08-16,0.0015812558735767116
2024-08-19,0.0007819096854345766
2024-08-20,-0.0006916424056507386
2024-08-21,0.00258338780731987
2024-08-22,-0.0029439436380139634
2024-08-23,0.0006656987692355311
2024-08-26,0.000565905771734313
2024-08-27,-0.0016520565376321615
2024-08-28,0.001485167832851744
2024-08-29,-0.0010417096711433328
2024-08-30,0.005142897725327714
2024-09-03,0.00037591714872810137
2024-09-04,-0.0008449749361421842
2024-09-05,0.002531955963919316
2024-09-06,0.0009501640328807467
2024-09-09,-0.0030183087051508318
2024-09-10,0.003227783515263782
2024-09-11,-0.0008808230211812203
2024-09-12,0.006610353540535329
2024-09-13,-0.0024252866276450657
2024-09-16,0.0013884948271795294
2024-09-17,0.001798702913883948
2024-09-18,0.0010670478295521093
2024-09-19,0.0010819821130199424
2024-09-20,0.00023338307706787052
2024-09-23,0.0007374165179333603
2024-09-24,-0.000941149574477861
2024-09-25,-0.0012568834356311712
2024-09-26,-0.0019993657130561067
2024-09-27,0.0007912364862794855
2024-09-30,-0.00041087691415829953
2024-10-01,-0.00013915430258753213
2024-10-02,0.0006833232054500961
2024-10-03,5.504989054899682e-05
2024-10-04,-0.003626003754265356
2024-10-07,-0.004596552313734745
2024-10-08,-0.002742915442782067
2024-10-09,-0.0036274983832436697
2024-10-10,0.0011940663461519876
2024-10-11,-0.000901203993879387
2024-10-14,0.0012041078701328094
2024-10-15,0.00041288842306075346
2024-10-16,-0.00015185179670599235
2024-10-17,-0.0008826658858735767
2024-10-18,0.0029164843438981613
2024-10-21,0.004077103867640508
2024-10-22,-0.0025882310029544525
2024-10-23,0.0012319437660500282
2024-10-24,-0.0008729776275732894
2024-10-25,-0.0011260909711271125
2024-10-28,-0.0008080484354859761
2024-10-29,-0.00030037580621364714
2024-10-30,0.0012819965597246656
2024-10-31,0.0011802382784567283
2024-11-01,-0.0016390785639840847
2024-11-04,-0.0004356977481241737
2024-11-05,0.002164715991717948
2024-11-06,-0.005244401434194513
2024-11-07,-0.002863098225405984
2024-11-08,0.0030713804975793556
2024-11-11,-0.0009165060648446852
2024-11-12,-0.0005407194731748557
2024-11-13,-0.0030421961449855176
2024-11-14,-0.0010445895857328184
2024-11-15,-0.0019876389144618677
2024-11-18,0.0007257296834629562
2024-11-19,-0.0023161318095818585
2024-11-20,-0.00043662857124884905
2024-11-21,0.004316491459824219
2024-11-22,-0.0010013757542346598
2024-11-25,0.002061370804078291
2024-11-26,-0.0007554434444791141
2024-11-27,-0.0003041020796520394
2024-11-29,0.0007073327223191987
2024-12-02,-0.0017241699021597703
2024-12-03,0.00419877080747603
2024-12-04,-0.001279035183921704
2024-12-05,0.0006013544877934596
2024-12-06,0.001441232447407575
2024-12-09,-0.0027348649498748494
2024-12-10,-0.003428312228520522
2024-12-11,0.0020980944175378845
2024-12-12,0.00469967034481841
2024-12-13,-0.0015488550359195573
2024-12-16,-0.0014727406400783893
2024-12-17,0.00011769155262797979
2024-12-18,-0.0006934517664354701
2024-12-19,-0.003572823465773173
2024-12-20,0.0033229428996569724
2024-12-23,0.00035375609824645697
2024-12-24,-0.0006599085575514685
2024-12-26,-0.00228626491426464
2024-12-27,0.0001732817227073086
2024-12-30,0.0008769468561449623
2024-12-31,-9.497189744056415e-05
2025-01-02,0.00010056927221548329
2025-01-03,0.001023980440377116
2025-01-06,-0.003170969385909961
2025-01-07,-0.004553046752621132
2025-01-08,0.004906304544231177
2025-01-10,-0.003343358805259882
2025-01-13,0.0006541188373061827
2025-01-14,-0.00010944988371295336
2025-01-15,-3.828894671001413e-05
2025-01-16,-0.00024410059981566916
2025-01-17,0.008751516459305522
2025-01-21,-0.002766719090517444
2025-01-22,0.002998577227722919
2025-01-23,0.0040899142303203765
2025-01-24,-0.0018529101085746937
2025-01-27,-0.005991779290726922
2025-01-28,0.004331134889746619
2025-01-29,0.00040778784143707584
2025-01-30,-0.0022615695825558817
2025-01-31,-0.0008620725089626054
2025-02-03,0.001149017172403424
2025-02-04,0.002943108486649431
2025-02-05,-0.004098117072605395
2025-02-06,-0.0019421242530567404
2025-02-07,0.002770500685517032
2025-02-10,0.001940423597360391
2025-02-11,0.0009320470333200031
2025-02-12,0.0015717709477605767
2025-02-13,0.0006811388837089914
2025-02-14,-0.001019429283630091
2025-02-18,0.009047530336623602
2025-02-19,-0.0026241747477830403
2025-02-20,-0.0011568463773761288
2025-02-21,0.00011439521914836741
2025-02-24,0.004048184692157611
2025-02-25,0.0029729327701838583
2025-02-26,-0.002227972216464556
2025-02-27,-0.0027904378194991623
2025-02-28,0.001491634552333797
2025-03-03,-0.005384710074276915
2025-03-04,0.0029662134176284063
2025-03-05,0.0035389083629570484
2025-03-06,0.0006504870757548041
2025-03-07,-0.0016942073031024837
2025-03-10,0.001965055800883263
2025-03-11,0.0011176240335447805
2025-03-12,0.0004597032701325785
2025-03-13,-0.00538152657481257
2025-03-14,0.003933367196354386
2025-03-17,-0.004451301902040348
2025-03-18,-0.0009110344827770143
2025-03-19,0.0010320862126269347
2025-03-20,-0.00047037894663057875
2025-03-21,-0.0015606007316071007
2025-03-24,0.004364360505777693
2025-03-25,-0.003389696501172123
2025-03-26,8.145847668408074e-05
2025-03-27,-0.003058123204675106
2025-03-28,0.0036111466416976386
2025-03-31,0.0007763911498338851
2025-04-01,-0.002343506709520661
2025-04-02,0.0018545377055692027
2025-04-03,-0.0012740959488154375
2025-04-04,-0.00030872684167693263
2025-04-07,0.0034612675229581096
2025-04-08,0.0019313932847256146
2025-04-09,-0.003586625827340921
2025-04-10,-9.445173195578489e-05
2025-04-11,-0.0010898076398383571
2025-04-14,0.005439918733937255
2025-04-15,0.00027730620644593777
2025-04-16,-0.001163750478091772
2025-04-17,-0.0012910019786990861
2025-04-21,-0.0005356304276583645
2025-04-22,0.004720419909789761
2025-04-23,0.004029134030711354
2025-04-24,0.0010194322299837727
2025-04-25,-0.0015854678384922528
2025-04-28,0.0049776909834433735
2025-04-29,-0.0012769670958236812
2025-04-30,0.0007048565114487953
2025-05-01,-0.0036479189713747766
2025-05-02,0.0014211130107465502
2025-05-05,-0.001753292475178229
2025-05-06,0.0003332562050538671
2025-05-07,0.0015270331777896971
2025-05-08,0.0007743417436378444
2025-05-09,-0.0003116507590264824
2025-05-12,0.012023753588717156
2025-05-13,0.0018249733801554294
2025-05-14,-0.0036329667934277762
2025-05-15,-0.003034298818332639
2025-05-16,-0.0017353053202656084
2025-05-19,-0.0006907018181363189
2025-05-20,-0.0012651231546443038
2025-05-21,0.0021381375713784953
2025-05-22,0.007091148626285732
2025-05-23,-0.002119992493803659
2025-05-27,-0.0017315260443687241
2025-05-28,0.0013716693838036033
2025-05-29,0.002915747358436003
2025-05-30,-0.0016019941035011354
2025-06-02,0.002358260552316305
2025-06-03,0.0012156106550001006
2025-06-04,0.0004899151627241706
2025-06-05,-0.0034195323728729967
2025-06-06,0.00010315479797465342
2025-06-09,0.000752358052726582
2025-06-10,0.003643416971904189
2025-06-11,0.0002421208993267447
2025-06-12,-0.005693222751803853
2025-06-13,-0.002583543793637913
2025-06-16,0.00022976000164720496
2025-06-17,0.00255664295090534
2025-06-18,0.0016977104929437655
2025-06-20,0.002511989241720962
2025-06-23,0.0035969975828425925
2025-06-24,0.0042940846621589155
2025-06-25,0.0021173332055361574
2025-06-26,-0.0003921118094363234
2025-06-27,-0.00044705680070523815
2025-06-30,-0.0003014094705203092
2025-07-01,-0.004018629887287243
2025-07-02,-0.005229389784803244
2025-07-03,0.001280537780080462
2025-07-07,0.0015005446628997652
2025-07-08,-0.006208042930458275
2025-07-09,-0.0002520358338493422
2025-07-10,-0.00031221210711334345
2025-07-11,0.004271299520509337
2025-07-14,0.002633140006722294
2025-07-15,-0.00010017109577925478
2025-07-16,-0.004120650908852369
2025-07-17,-0.009157066740928482
2025-07-18,0.0014447959038506291
2025-07-21,0.0005402334818371917
2025-07-22,0.0015770616261469518
2025-07-23,-0.002295599821953049
2025-07-24,-0.001158500349806408
2025-07-25,-0.0007903831558258442
2025-07-28,0.0014766667257869875
2025-07-29,-0.00355641395580343
2025-07-30,-0.003477744477607303
2025-07-31,8.649324096413763e-05
2025-08-01,-0.0008360178604208592
2025-08-04,-0.0018526350377227442
2025-08-05,0.0014737039692905912
2025-08-06,0.00035420363016196025
2025-08-07,-0.0007829466372026099
2025-08-08,-0.001336349298774295
2025-08-11,-0.0019436523019684944
2025-08-12,-0.0008599474594707222
2025-08-13,0.0011393228415542374
2025-08-14,-0.0010929736716420685
2025-08-15,0.0014576975915746324
2025-08-18,0.0008113894830313608
2025-08-19,0.000416096964205826
2025-08-20,0.005990213038844808
2025-08-21,5.812740721966792e-05
2025-08-22,-0.0005345930801842725
2025-08-25,-0.0021518757415109084
2025-08-26,-0.0014903553443402974
2025-08-27,-0.001325649818887548
2025-08-28,-0.0004417008658292599
2025-08-29,-0.0015305082849288287
2025-09-02,0.00034437088225123505
2025-09-03,-0.004476254566599139
2025-09-04,-0.004945385734220275
2025-09-05,-0.00015369142971858696
2025-09-08,0.00015545218535852978
2025-09-09,-0.0020549584375438345
2025-09-10,0.014791665775391262
2025-09-11,-0.002881874508645319
2025-09-12,0.0013181444523563002
2025-09-15,-0.002101305412065485
2025-09-16,0.0019515203931871465
2025-09-17,0.00032342095136209505
2025-09-18,-0.0015718683481166379
2025-09-19,0.0003798170129929374
2025-09-22,-0.003195007393987502
2025-09-23,0.0012465361975290033
2025-09-24,0.002105504782058171
2025-09-25,-0.004403778332195506
2025-09-26,0.001276273440327102
2025-09-29,0.004384256018430182
2025-09-30,0.004603129384185743
2025-10-01,0.005603220574018162
2025-10-02,-0.0007272814517604732
2025-10-03,-0.004775918312113991
2025-10-06,-0.002066819195040731
2025-10-07,-0.00044121962383555403
2025-10-08,-0.0001807081117727282
2025-10-09,-0.00028363464755365214
2025-10-10,0.002477758503744539
2025-10-13,0.0031082524157169476
2025-10-14,0.0007356454024748767
2025-10-15,-0.004322965303076201
2025-10-16,0.0017818173141833028
2025-10-17,-0.002470481842166753
2025-10-20,1.8885895280531736e-05
2025-10-21,0.0002374938118766697
2025-10-22,-0.00032907248181034463
2025-10-23,0.00029718684793556287
2025-10-24,-0.0038894643791792037
2025-10-27,-0.002127507976485029
2025-10-28,0.0007704520872118341
2025-10-29,-0.007203914104165525
2025-10-30,-0.0009584446368215854
2025-10-31,-0.00039235908444751214
2025-11-03,0.004352523200402951
2025-11-04,0.0027526409692961162
2025-11-05,-0.0007797653666090881
2025-11-06,0.004280804444099467
2025-11-07,-0.0018942576691160088
2025-11-10,0.0004991578294726762
2025-11-11,0.003322496876621359
2025-11-12,0.004468231694272124
2025-11-13,0.004166892811666901
2025-11-14,-0.0026917313739460635
2025-11-17,-0.004665574429283482
2025-11-18,-0.0020182578178525234
2025-11-19,0.0027696112785665014
2025-11-20,0.002621822896249814
2025-11-21,-0.0022491255020811937
2025-11-24,-0.001504306209475407
2025-11-25,0.0034450352948193702
2025-11-26,0.003274889719937481
2025-11-28,2.9392954267932353e-05
2025-12-01,-0.000182407715353489
2025-12-02,-0.0025981879645222312
2025-12-03,-0.0016344623087840315
2025-12-04,0.002633429254289112
2025-12-05,0.0008688112962833452
2025-12-08,0.0022624464725571557
2025-12-09,0.0022467137250302043
2025-12-10,-0.002081340285109516
2025-12-11,0.0044417197969466625
2025-12-12,-0.0037655345194790428
2025-12-15,-0.002820630140454912
2025-12-16,0.0017236810905224425
2025-12-17,-0.0020603852763788418
2025-12-18,0.00047278457146881906
2025-12-19,-0.004006904096834084
2025-12-22,-0.0056242842768017
2025-12-23,-0.000971526390995736
2025-12-24,-0.0009931195961252284
2025-12-26,0.0016867403644166834
2025-12-29,0.0032901250441091665
2025-12-30,-0.0017042878208251466
2025-12-31,-0.002716298274413347
2026-01-02,-0.005281600245913347
2026-01-05,2.3128392939694535e-05
2026-01-06,-0.0011493258211309925
2026-01-07,-0.0008455417246027957
2026-01-08,0.0030566096052294755
2026-01-09,-0.0011516191272324108
2026-01-12,-0.002117501166725105
2026-01-13,-0.0008290302605522264
2026-01-14,-0.0002599895075024283
2026-01-15,-0.0033923981426479625
2026-01-16,0.00568674278295425
2026-01-20,-0.006219455097974502
2026-01-21,-0.0011496603662099947
2026-01-22,-0.0008610569468789082
2026-01-23,-0.0023507271501267664
2026-01-26,0.001298183478057695
2026-01-27,0.002719740958356971
2026-01-28,-0.0012587576286722663
2026-01-29,0.008758523015045091
2026-01-30,0.006522916587749578
2026-02-02,0.004484115389541571
2026-02-03,0.0025617524201549434
2026-02-04,0.004262197934683099
2026-02-05,-0.00168665538482941
2026-02-06,0.004113497692591723
2026-02-09,-0.0037321004251133463
2026-02-10,0.0018455379083193062
2026-02-11,-0.00031370682822787525
2026-02-12,0.004734451746041573
2026-02-13,0.0035841356054260717
2026-02-17,0.0008292752345254659
2026-02-18,0.0030847210507749055
2026-02-19,-0.002967611712597521
2026-02-20,0.0026627201768345825
2026-02-23,-0.0089521327368667
2026-02-24,-0.002427821721816151
2026-02-25,0.0005876590028876063
2026-02-26,0.00548120407410676
2026-02-27,-0.001802674812099026
2026-03-02,-0.00030342761404681437
2026-03-03,0.0024616094919742456
2026-03-04,0.0004509564243149625
2026-03-05,-0.002488179647609542
2026-03-06,0.009781300682855446
2026-03-09,-0.004478160817844166
2026-03-10,-0.0027723459874210927
2026-03-11,-0.00767610958469672
2026-03-12,-0.0029421889340401903
2026-03-13,0.0014689147427950511
2026-03-16,0.002220327764254736
2026-03-17,0.0010146847527116036
2026-03-18,-0.00022544447893052457
2026-03-19,-0.00043844849246706287
2026-03-20,-0.00042401426645450593
2026-03-23,0.0018228564963562927
2026-03-24,-0.0005753389449788954
2026-03-25,0.00023549135980749939
2026-03-26,-0.0035451725360537557
2026-03-27,0.0007020203089953359
2026-03-30,0.0001917495841493778
2026-03-31,0.0004225141449042245
2026-04-01,-0.006658425934100913
2026-04-02,-0.0022811601865970078
2026-04-06,-0.0008197769284017306
2026-04-07,0.002507430411411183
2026-04-08,8.565882352576013e-05
2026-04-09,0.0017012422983815412
2026-04-10,-0.0020284700549152747
2026-04-13,0.0018252890170358162
2026-04-14,0.0017082873333493934
2026-04-15,0.0008892990632548968
2026-04-16,-0.00096953464490712
2026-04-17,0.0009464799042463695
2026-04-20,-0.0006536259908704036
2026-04-21,-0.007248954357216225
2026-04-22,-0.002470423519923221
2026-04-23,-0.002107352830857352
2026-04-24,-0.014807252113537901
2026-04-27,0.001218201581146946
2026-04-28,0.0024583760373075633
2026-04-29,-0.007420631486713806
2026-04-30,-0.0008401564248383313
2026-05-01,-0.004871540430928563
2026-05-04,0.002927215353878466
2026-05-05,-0.007109558205831082
2026-05-06,-0.0019128165523783374
2026-05-07,0.00016076713007298713
2026-05-08,-0.009808716743469195
2026-05-11,0.0016338208925990743
2026-05-12,0.0013511658210605291
2026-05-13,-0.004360203317453743
2026-05-14,0.0013151453165280234
2026-05-15,-0.002588339419665975
2026-05-18,0.008614234042301496
2026-05-19,0.00041304383616362584
2026-05-20,0.005545197043087073
2026-05-21,0.0063881888481963954
2026-05-22,-0.0017588292543208226
2026-05-26,0.0017160097204209248
2026-05-27,-0.001845912377326907
2026-05-28,-0.0015344097612946576
2026-05-29,0.00039964343948658675
2026-06-01,-0.009528188749731272
2026-06-02,-0.0027110628963406005
2026-06-03,0.005507779059913823
2026-06-04,0.0019104691409643978
2026-06-05,0.0060825927954076915
2026-06-08,-0.0006638572530318342
2026-06-09,0.004560153569333281
2026-06-10,0.0003785458945385215
2026-06-11,0.0009356565926934748
2026-06-12,0.004623447495159047
2026-06-15,0.006645311195230972
2026-06-16,-0.0026275688782417916
2026-06-17,0.000795969465175855
2026-06-18,0.0017657297035365976
2026-06-22,-0.005837519080711104
2026-06-23,-0.0013128966177341122
2026-06-24,-0.005802206643785127
2026-06-25,-0.007285533987868796
2026-06-26,0.008278384806113325
2026-06-29,-0.0028855759036893196
2026-06-30,0.008199176695711586
2026-07-01,0.005732641603278072
2026-07-02,-0.0049106326024360184
2026-07-06,-0.00019589817114171334
2026-07-07,-0.0018710014806156022
2026-07-08,-0.0027397774635328
2026-07-09,0.0022314196515983587
2026-07-10,0.0004611745185470052
2026-07-13,-0.0034473289921714283
2026-07-14,0.014595896127636183
2026-07-15,0.004007729361045024
2026-07-16,0.002292266828281595
